i	j	i_id	j_id	r_sco	s_sco	prob
399	402	399_D	402_N	1.8056	4.759	1.000
258	261	258_K	261_D	1.7879	4.713	1.000
632	635	632_R	635_D	1.7728	4.673	1.000
597	600	597_K	600_N	1.7471	4.605	1.000
221	224	221_E	224_K	1.7199	4.533	1.000
111	114	111_D	114_T	1.7010	4.483	1.000
193	196	193_D	196_N	1.6796	4.427	1.000
79	82	79_E	82_E	1.5827	4.172	1.000
665	668	665_N	668_S	1.4591	3.846	1.000
365	368	365_P	368_R	1.4570	3.840	1.000
497	500	497_N	500_L	1.4429	3.803	1.000
434	442	434_G	442_Y	1.4175	3.736	1.000
145	148	145_E	148_K	1.3805	3.639	1.000
346	349	346_N	349_D	1.2094	3.188	1.000
528	535	528_N	535_R	0.9881	2.604	1.000
391	407	391_A	407_F	0.9301	2.451	1.000
387	406	387_F	406_Y	0.9087	2.395	1.000
374	390	374_E	390_L	0.9060	2.388	1.000
103	119	103_G	119_L	0.8743	2.304	1.000
624	640	624_V	640_I	0.8616	2.271	1.000
589	605	589_I	605_L	0.8448	2.227	1.000
620	639	620_M	639_Q	0.8394	2.212	1.000
230	249	230_K	249_S	0.8275	2.181	1.000
213	229	213_A	229_I	0.8275	2.181	1.000
250	266	250_T	266_L	0.8134	2.144	1.000
623	639	623_T	639_Q	0.7977	2.103	1.000
185	201	185_A	201_L	0.7904	2.083	1.000
602	606	602_I	606_N	0.7850	2.069	1.000
394	402	394_Y	402_N	0.7741	2.040	1.000
390	406	390_L	406_Y	0.7627	2.010	1.000
209	228	209_D	228_I	0.7559	1.992	1.000
637	641	637_S	641_S	0.7507	1.979	1.000
585	604	585_I	604_N	0.7450	1.964	1.000
99	118	99_L	118_Y	0.7419	1.956	1.000
303	306	303_L	306_D	0.7357	1.939	1.000
588	604	588_T	604_N	0.7352	1.938	1.000
226	230	226_A	230_K	0.7304	1.925	1.000
71	87	71_A	87_F	0.7228	1.905	1.000
246	265	246_L	265_T	0.7219	1.903	1.000
102	106	102_M	106_Y	0.7075	1.865	1.000
116	120	116_K	120_N	0.6897	1.818	1.000
181	200	181_L	200_A	0.6807	1.794	1.000
390	394	390_L	394_Y	0.6772	1.785	1.000
606	623	606_N	623_T	0.6762	1.782	1.000
407	424	407_F	424_Y	0.6744	1.777	1.000
212	228	212_K	228_I	0.6734	1.775	1.000
404	408	404_S	408_E	0.6730	1.774	1.000
627	635	627_Y	635_D	0.6670	1.758	1.000
592	597	592_D	597_K	0.6670	1.758	1.000
249	253	249_S	253_D	0.6656	1.754	1.000
592	600	592_D	600_N	0.6643	1.751	1.000
253	261	253_D	261_D	0.6575	1.733	0.999
519	523	519_K	523_R	0.6574	1.733	0.999
70	74	70_K	74_H	0.6553	1.727	0.999
137	153	137_I	153_I	0.6526	1.720	0.999
627	632	627_Y	632_R	0.6524	1.719	0.999
106	111	106_Y	111_D	0.6515	1.717	0.999
224	227	224_K	227_S	0.6480	1.708	0.999
657	673	657_A	673_L	0.6473	1.706	0.999
67	86	67_D	86_I	0.6468	1.705	0.999
212	216	212_K	216_Y	0.6430	1.695	0.999
216	224	216_Y	224_K	0.6376	1.680	0.999
568	571	568_I	571_R	0.6363	1.677	0.999
249	265	249_S	265_T	0.6358	1.676	0.999
88	102	88_E	102_M	0.6358	1.676	0.999
373	389	373_N	389_N	0.6341	1.671	0.999
102	118	102_M	118_Y	0.6330	1.668	0.999
229	248	229_I	248_I	0.6314	1.664	0.999
489	502	489_D	502_N	0.6257	1.649	0.999
623	627	623_T	627_Y	0.6224	1.641	0.999
588	592	588_T	592_D	0.6224	1.640	0.999
263	267	263_K	267_D	0.6173	1.627	0.999
253	265	253_D	265_T	0.6162	1.624	0.999
216	228	216_Y	228_I	0.6158	1.623	0.999
586	622	586_V	622_L	0.6122	1.614	0.999
202	212	202_N	212_K	0.6096	1.607	0.999
602	630	602_I	630_A	0.6059	1.597	0.999
402	405	402_N	405_K	0.6055	1.596	0.999
602	626	602_I	626_S	0.6027	1.588	0.999
635	638	635_D	638_I	0.6018	1.586	0.999
150	154	150_D	154_V	0.6005	1.583	0.998
607	610	607_Y	610_D	0.5990	1.579	0.998
653	672	653_D	672_F	0.5977	1.575	0.998
394	399	394_Y	399_D	0.5959	1.571	0.998
188	196	188_Y	196_N	0.5938	1.565	0.998
231	234	231_K	234_E	0.5920	1.560	0.998
589	608	589_I	608_L	0.5920	1.560	0.998
408	425	408_E	425_L	0.5907	1.557	0.998
388	424	388_Y	424_Y	0.5894	1.553	0.998
216	221	216_Y	221_E	0.5885	1.551	0.998
210	245	210_L	245_I	0.5872	1.548	0.998
136	140	136_F	140_C	0.5830	1.537	0.998
198	202	198_L	202_N	0.5814	1.532	0.998
488	501	488_I	501_I	0.5804	1.530	0.998
600	603	600_N	603_N	0.5799	1.528	0.998
656	672	656_T	672_F	0.5789	1.526	0.998
106	114	106_Y	114_T	0.5785	1.525	0.998
184	188	184_L	188_Y	0.5763	1.519	0.998
188	200	188_Y	200_A	0.5755	1.517	0.998
121	124	121_K	124_E	0.5740	1.513	0.998
106	118	106_Y	118_Y	0.5720	1.508	0.997
70	86	70_K	86_I	0.5698	1.502	0.997
642	645	642_L	645_A	0.5675	1.496	0.997
520	540	520_L	540_I	0.5658	1.491	0.997
627	639	627_Y	639_Q	0.5612	1.479	0.997
184	200	184_L	200_A	0.5598	1.475	0.997
429	434	429_S	434_G	0.5594	1.474	0.997
637	656	637_S	656_T	0.5589	1.473	0.997
370	393	370_N	393_S	0.5561	1.466	0.997
196	199	196_N	199_G	0.5537	1.459	0.996
96	122	96_V	122_I	0.5511	1.453	0.996
624	643	624_V	643_I	0.5500	1.450	0.996
660	665	660_L	665_N	0.5497	1.449	0.996
82	85	82_E	85_K	0.5497	1.449	0.996
660	668	660_L	668_S	0.5489	1.447	0.996
541	544	541_P	544_Y	0.5488	1.447	0.996
185	204	185_A	204_M	0.5477	1.444	0.996
642	646	642_L	646_F	0.5471	1.442	0.996
226	249	226_A	249_S	0.5454	1.438	0.996
119	135	119_L	135_S	0.5433	1.432	0.996
74	86	74_H	86_I	0.5405	1.425	0.996
253	258	253_D	258_K	0.5396	1.422	0.995
87	101	87_F	101_N	0.5385	1.419	0.995
367	397	367_L	397_I	0.5351	1.410	0.995
504	507	504_K	507_D	0.5349	1.410	0.995
334	338	334_K	338_Y	0.5347	1.409	0.995
84	88	84_I	88_E	0.5345	1.409	0.995
605	622	605_L	622_L	0.5323	1.403	0.995
188	193	188_Y	193_D	0.5284	1.393	0.994
349	352	349_D	352_E	0.5275	1.390	0.994
232	245	232_L	245_I	0.5266	1.388	0.994
74	82	74_H	82_E	0.5265	1.388	0.994
409	412	409_R	412_K	0.5250	1.384	0.994
488	492	488_I	492_K	0.5224	1.377	0.994
370	374	370_N	374_E	0.5215	1.375	0.994
103	122	103_G	122_I	0.5212	1.374	0.994
394	406	394_Y	406_Y	0.5204	1.372	0.994
444	448	444_D	448_R	0.5203	1.371	0.994
425	429	425_L	429_S	0.5196	1.369	0.993
243	269	243_D	269_I	0.5192	1.369	0.993
114	117	114_T	117_S	0.5186	1.367	0.993
387	409	387_F	409_R	0.5176	1.364	0.993
641	656	641_S	656_T	0.5159	1.360	0.993
133	152	133_T	152_Y	0.5158	1.360	0.993
236	241	236_E	241_T	0.5151	1.358	0.993
335	354	335_G	354_N	0.5138	1.354	0.993
590	622	590_L	622_L	0.5138	1.354	0.993
592	604	592_D	604_N	0.5077	1.338	0.992
492	500	492_K	500_L	0.5074	1.337	0.992
643	652	643_I	652_T	0.5069	1.336	0.992
516	539	516_Y	539_N	0.5048	1.330	0.991
617	643	617_R	643_I	0.5004	1.319	0.991
223	256	223_T	256_L	0.5002	1.318	0.991
226	252	226_A	252_V	0.5002	1.318	0.991
201	211	201_L	211_K	0.4997	1.317	0.991
609	620	609_R	620_M	0.4976	1.312	0.990
582	608	582_P	608_L	0.4972	1.311	0.990
409	413	409_R	413_L	0.4963	1.308	0.990
599	630	599_E	630_A	0.4923	1.298	0.989
404	428	404_S	428_A	0.4922	1.297	0.989
182	208	182_K	208_L	0.4921	1.297	0.989
261	264	261_D	264_L	0.4908	1.294	0.989
606	610	606_N	610_D	0.4899	1.291	0.989
620	642	620_M	642_L	0.4897	1.291	0.989
395	407	395_A	407_F	0.4883	1.287	0.989
226	256	226_A	256_L	0.4868	1.283	0.988
226	253	226_A	253_D	0.4862	1.281	0.988
485	501	485_Y	501_I	0.4817	1.270	0.987
120	136	120_N	136_F	0.4813	1.269	0.987
634	663	634_G	663_E	0.4798	1.264	0.987
370	397	370_N	397_I	0.4776	1.259	0.986
268	271	268_L	271_S	0.4774	1.258	0.986
523	528	523_R	528_N	0.4772	1.258	0.986
504	508	504_K	508_E	0.4756	1.253	0.986
519	539	519_K	539_N	0.4754	1.253	0.986
210	248	210_L	248_I	0.4743	1.250	0.985
640	655	640_I	655_L	0.4741	1.250	0.985
656	660	656_T	660_L	0.4730	1.247	0.985
136	152	136_F	152_Y	0.4722	1.245	0.985
408	412	408_E	412_K	0.4720	1.244	0.985
370	394	370_N	394_Y	0.4705	1.240	0.984
404	432	404_S	432_S	0.4696	1.238	0.984
116	136	116_K	136_F	0.4668	1.230	0.983
670	674	670_K	674_N	0.4650	1.226	0.983
638	642	638_I	642_L	0.4627	1.220	0.982
368	371	368_R	371_E	0.4625	1.219	0.982
392	424	392_L	424_Y	0.4604	1.214	0.981
250	269	250_T	269_I	0.4599	1.212	0.981
503	519	503_H	519_K	0.4598	1.212	0.981
384	410	384_A	410_A	0.4588	1.209	0.981
668	671	668_S	671_Q	0.4587	1.209	0.981
107	119	107_Y	119_L	0.4587	1.209	0.981
637	663	637_S	663_E	0.4586	1.209	0.981
621	655	621_Y	655_L	0.4579	1.207	0.980
140	148	140_C	148_K	0.4560	1.202	0.980
140	145	140_C	145_E	0.4537	1.196	0.979
417	420	417_N	420_Y	0.4533	1.195	0.979
641	645	641_S	645_A	0.4531	1.194	0.979
380	383	380_E	383_R	0.4525	1.193	0.978
426	447	426_I	447_I	0.4500	1.186	0.977
71	90	71_A	90_T	0.4483	1.182	0.977
370	390	370_N	390_L	0.4481	1.181	0.977
213	232	213_A	232_L	0.4478	1.180	0.977
84	102	84_I	102_M	0.4466	1.177	0.976
233	245	233_K	245_I	0.4465	1.177	0.976
377	386	377_K	386_M	0.4454	1.174	0.976
637	659	637_S	659_Q	0.4436	1.169	0.975
242	245	242_L	245_I	0.4436	1.169	0.975
404	425	404_S	425_L	0.4432	1.168	0.975
246	268	246_L	268_L	0.4427	1.167	0.974
148	151	148_K	151_K	0.4416	1.164	0.974
628	640	628_L	640_I	0.4414	1.164	0.974
608	619	608_L	619_T	0.4402	1.160	0.973
535	538	535_R	538_D	0.4397	1.159	0.973
351	355	351_V	355_S	0.4396	1.159	0.973
388	420	388_Y	420_Y	0.4390	1.157	0.973
404	429	404_S	429_S	0.4379	1.154	0.972
90	98	90_T	98_S	0.4364	1.150	0.971
331	353	331_D	353_Y	0.4364	1.150	0.971
375	378	375_L	378_K	0.4349	1.146	0.971
613	616	613_K	616_N	0.4331	1.141	0.970
231	235	231_K	235_I	0.4317	1.138	0.969
376	379	376_L	379_A	0.4317	1.138	0.969
492	497	492_K	497_N	0.4315	1.137	0.969
559	563	559_Y	563_L	0.4309	1.136	0.969
84	109	84_I	109_L	0.4303	1.134	0.968
89	92	89_K	92_L	0.4303	1.134	0.968
586	619	586_V	619_T	0.4301	1.134	0.968
121	125	121_K	125_K	0.4274	1.127	0.967
602	627	602_I	627_Y	0.4273	1.126	0.966
616	619	616_N	619_T	0.4258	1.122	0.965
105	109	105_A	109_L	0.4247	1.119	0.965
442	445	442_Y	445_T	0.4244	1.118	0.965
268	272	268_L	272_R	0.4242	1.118	0.965
104	119	104_I	119_L	0.4213	1.110	0.963
383	386	383_R	386_M	0.4206	1.109	0.962
644	653	644_K	653_D	0.4205	1.108	0.962
181	203	181_L	203_A	0.4178	1.101	0.960
391	410	391_A	410_A	0.4178	1.101	0.960
625	640	625_A	640_I	0.4176	1.101	0.960
585	607	585_I	607_Y	0.4175	1.100	0.960
509	512	509_Y	512_D	0.4169	1.099	0.960
236	242	236_E	242_L	0.4149	1.094	0.958
81	109	81_E	109_L	0.4147	1.093	0.958
505	515	505_L	515_I	0.4143	1.092	0.958
99	122	99_L	122_I	0.4134	1.090	0.957
247	251	247_W	251_F	0.4129	1.088	0.957
267	271	267_D	271_S	0.4121	1.086	0.956
222	252	222_F	252_V	0.4110	1.083	0.955
100	104	100_L	104_I	0.4107	1.083	0.955
392	396	392_L	396_Q	0.4083	1.076	0.953
593	598	593_L	598_V	0.4073	1.073	0.952
198	212	198_L	212_K	0.4061	1.070	0.951
139	143	139_A	143_L	0.4060	1.070	0.951
74	79	74_H	79_E	0.4055	1.069	0.951
198	216	198_L	216_Y	0.4052	1.068	0.951
602	623	602_I	623_T	0.4049	1.067	0.950
134	180	134_F	180_I	0.4046	1.067	0.950
217	229	217_I	229_I	0.4035	1.064	0.949
377	387	377_K	387_F	0.4032	1.063	0.949
637	660	637_S	660_L	0.4013	1.058	0.947
198	219	198_L	219_L	0.4001	1.055	0.946
661	673	661_I	673_L	0.3997	1.053	0.946
338	349	338_Y	349_D	0.3993	1.053	0.946
126	129	126_K	129_L	0.3992	1.052	0.945
254	266	254_L	266_L	0.3966	1.045	0.943
233	246	233_K	246_L	0.3962	1.044	0.942
356	359	356_K	359_R	0.3961	1.044	0.942
84	105	84_I	105_A	0.3957	1.043	0.942
591	595	591_K	595_S	0.3955	1.043	0.942
593	626	593_L	626_S	0.3953	1.042	0.942
628	633	628_L	633_Y	0.3951	1.041	0.941
209	232	209_D	232_L	0.3945	1.040	0.941
626	630	626_S	630_A	0.3945	1.040	0.941
606	635	606_N	635_D	0.3944	1.040	0.941
621	625	621_Y	625_A	0.3943	1.039	0.940
107	112	107_Y	112_T	0.3942	1.039	0.940
523	535	523_R	535_R	0.3934	1.037	0.940
336	340	336_F	340_Q	0.3930	1.036	0.939
227	231	227_S	231_K	0.3921	1.034	0.939
236	240	236_E	240_K	0.3921	1.033	0.938
230	234	230_K	234_E	0.3917	1.032	0.938
195	219	195_K	219_L	0.3915	1.032	0.938
72	87	72_V	87_F	0.3914	1.032	0.938
660	672	660_L	672_F	0.3912	1.031	0.937
411	420	411_Y	420_Y	0.3909	1.030	0.937
531	535	531_A	535_R	0.3909	1.030	0.937
429	442	429_S	442_Y	0.3897	1.027	0.936
376	386	376_L	386_M	0.3871	1.020	0.933
187	191	187_R	191_I	0.3870	1.020	0.933
512	515	512_D	515_I	0.3866	1.019	0.932
122	132	122_I	132_Q	0.3852	1.015	0.931
581	584	581_N	584_Y	0.3850	1.015	0.931
593	605	593_L	605_L	0.3837	1.011	0.929
609	619	609_R	619_T	0.3836	1.011	0.929
99	121	99_L	121_K	0.3819	1.007	0.927
423	484	423_M	484_F	0.3819	1.007	0.927
198	215	198_L	215_I	0.3817	1.006	0.926
536	540	536_M	540_I	0.3811	1.004	0.926
374	402	374_E	402_N	0.3810	1.004	0.926
214	248	214_M	248_I	0.3796	1.000	0.924
252	256	252_V	256_L	0.3794	1.000	0.924
654	658	654_F	658_I	0.3790	0.999	0.923
505	508	505_L	508_E	0.3788	0.998	0.923
401	432	401_Y	432_S	0.3780	0.996	0.922
265	268	265_T	268_L	0.3775	0.995	0.921
372	375	372_L	375_L	0.3760	0.991	0.919
246	269	246_L	269_I	0.3757	0.990	0.919
607	611	607_Y	611_T	0.3756	0.990	0.919
182	211	182_K	211_K	0.3754	0.989	0.918
217	252	217_I	252_V	0.3753	0.989	0.918
603	607	603_N	607_Y	0.3752	0.989	0.918
572	588	572_A	588_T	0.3751	0.989	0.918
638	641	638_I	641_S	0.3750	0.988	0.918
502	518	502_N	518_I	0.3743	0.987	0.917
375	379	375_L	379_A	0.3739	0.986	0.917
387	410	387_F	410_A	0.3732	0.984	0.915
410	413	410_A	413_L	0.3728	0.983	0.915
578	581	578_G	581_N	0.3724	0.981	0.914
209	231	209_D	231_K	0.3713	0.979	0.913
103	115	103_G	115_A	0.3705	0.977	0.912
100	132	100_L	132_Q	0.3700	0.975	0.911
181	204	181_L	204_M	0.3700	0.975	0.911
215	219	215_I	219_L	0.3699	0.975	0.911
590	605	590_L	605_L	0.3698	0.975	0.911
67	90	67_D	90_T	0.3689	0.972	0.909
86	90	86_I	90_T	0.3689	0.972	0.909
624	636	624_V	636_A	0.3685	0.971	0.908
116	139	116_K	139_A	0.3682	0.970	0.908
116	143	116_K	143_L	0.3680	0.970	0.908
75	87	75_L	87_F	0.3680	0.970	0.908
214	218	214_M	218_K	0.3666	0.966	0.905
250	262	250_T	262_V	0.3649	0.962	0.903
406	409	406_Y	409_R	0.3645	0.961	0.902
80	105	80_Y	105_A	0.3639	0.959	0.901
563	568	563_L	568_I	0.3637	0.959	0.901
457	460	457_F	460_E	0.3633	0.958	0.901
185	197	185_A	197_A	0.3623	0.955	0.899
602	632	602_I	632_R	0.3619	0.954	0.898
598	626	598_V	626_S	0.3617	0.953	0.897
217	222	217_I	222_F	0.3614	0.953	0.897
395	400	395_A	400_I	0.3592	0.947	0.894
251	255	251_F	255_K	0.3592	0.947	0.894
573	576	573_D	576_I	0.3591	0.947	0.894
260	264	260_E	264_L	0.3576	0.942	0.890
622	625	622_L	625_A	0.3574	0.942	0.890
657	672	657_A	672_F	0.3571	0.941	0.890
443	447	443_L	447_I	0.3562	0.939	0.888
589	604	589_I	604_N	0.3558	0.938	0.888
210	214	210_L	214_M	0.3555	0.937	0.887
355	359	355_S	359_R	0.3555	0.937	0.887
503	507	503_H	507_D	0.3551	0.936	0.886
603	606	603_N	606_N	0.3549	0.935	0.886
391	403	391_A	403_A	0.3541	0.933	0.884
88	92	88_E	92_L	0.3533	0.931	0.883
189	194	189_L	194_Y	0.3532	0.931	0.883
228	231	228_I	231_K	0.3528	0.930	0.882
66	69	66_V	69_N	0.3512	0.926	0.879
414	417	414_N	417_N	0.3512	0.926	0.879
64	90	64_I	90_T	0.3508	0.925	0.878
393	397	393_S	397_I	0.3506	0.924	0.878
653	675	653_D	675_V	0.3506	0.924	0.878
654	657	654_F	657_A	0.3494	0.921	0.875
178	204	178_D	204_M	0.3493	0.921	0.875
73	77	73_L	77_K	0.3488	0.919	0.874
621	652	621_Y	652_T	0.3488	0.919	0.874
449	453	449_N	453_L	0.3487	0.919	0.874
200	204	200_A	204_M	0.3485	0.919	0.874
427	431	427_T	431_T	0.3483	0.918	0.873
189	201	189_L	201_L	0.3481	0.918	0.873
366	393	366_I	393_S	0.3481	0.917	0.872
625	655	625_A	655_L	0.3478	0.917	0.872
604	608	604_N	608_L	0.3478	0.917	0.872
449	452	449_N	452_G	0.3476	0.916	0.872
265	269	265_T	269_I	0.3475	0.916	0.872
71	83	71_A	83_A	0.3472	0.915	0.871
91	99	91_A	99_L	0.3469	0.914	0.870
67	89	67_D	89_K	0.3468	0.914	0.870
387	413	387_F	413_L	0.3467	0.914	0.870
411	422	411_Y	422_V	0.3461	0.912	0.869
226	258	226_A	258_K	0.3461	0.912	0.869
338	346	338_Y	346_N	0.3456	0.911	0.868
103	118	103_G	118_Y	0.3453	0.910	0.867
541	545	541_P	545_N	0.3452	0.910	0.867
492	501	492_K	501_I	0.3447	0.908	0.865
372	376	372_L	376_L	0.3441	0.907	0.865
84	106	84_I	106_Y	0.3440	0.907	0.865
213	225	213_A	225_A	0.3427	0.903	0.861
123	133	123_Y	133_T	0.3427	0.903	0.861
391	406	391_A	406_Y	0.3426	0.903	0.861
369	373	369_V	373_N	0.3426	0.903	0.861
85	89	85_K	89_K	0.3424	0.903	0.861
60	63	60_E	63_E	0.3420	0.901	0.860
306	309	306_D	309_R	0.3419	0.901	0.860
149	153	149_D	153_I	0.3417	0.901	0.860
118	121	118_Y	121_K	0.3416	0.900	0.859
137	156	137_I	156_L	0.3403	0.897	0.856
520	542	520_L	542_L	0.3402	0.897	0.856
224	228	224_K	228_I	0.3397	0.895	0.855
657	669	657_A	669_A	0.3396	0.895	0.855
573	577	573_D	577_E	0.3393	0.894	0.854
644	652	644_K	652_T	0.3390	0.894	0.854
223	260	223_T	260_E	0.3384	0.892	0.852
655	658	655_L	658_I	0.3378	0.890	0.850
112	139	112_T	139_A	0.3377	0.890	0.850
75	105	75_L	105_A	0.3372	0.889	0.849
140	152	140_C	152_Y	0.3368	0.888	0.849
264	268	264_L	268_L	0.3361	0.886	0.847
217	248	217_I	248_I	0.3360	0.886	0.847
586	590	586_V	590_L	0.3360	0.886	0.847
71	86	71_A	86_I	0.3352	0.884	0.845
154	184	154_V	184_L	0.3352	0.883	0.844
658	662	658_I	662_Q	0.3343	0.881	0.842
186	190	186_N	190_L	0.3343	0.881	0.842
523	539	523_R	539_N	0.3339	0.880	0.841
388	392	388_Y	392_L	0.3330	0.878	0.839
116	140	116_K	140_C	0.3329	0.877	0.839
115	119	115_A	119_L	0.3323	0.876	0.838
228	232	228_I	232_L	0.3307	0.872	0.834
91	98	91_A	98_S	0.3307	0.872	0.834
120	124	120_N	124_E	0.3306	0.871	0.833
520	523	520_L	523_R	0.3303	0.870	0.832
489	505	489_D	505_L	0.3297	0.869	0.831
230	253	230_K	253_D	0.3294	0.868	0.830
225	252	225_A	252_V	0.3294	0.868	0.830
639	642	639_Q	642_L	0.3281	0.865	0.827
217	255	217_I	255_K	0.3276	0.863	0.825
68	98	68_F	98_S	0.3273	0.863	0.825
185	200	185_A	200_A	0.3270	0.862	0.824
641	668	641_S	668_S	0.3267	0.861	0.823
137	149	137_I	149_D	0.3266	0.861	0.823
250	265	250_T	265_T	0.3255	0.858	0.820
91	102	91_A	102_M	0.3254	0.858	0.820
395	428	395_A	428_A	0.3254	0.858	0.820
89	93	89_K	93_V	0.3245	0.855	0.817
186	201	186_N	201_L	0.3232	0.852	0.814
606	627	606_N	627_Y	0.3216	0.848	0.810
248	251	248_I	251_F	0.3209	0.846	0.808
639	643	639_Q	643_I	0.3207	0.845	0.807
395	424	395_A	424_Y	0.3205	0.845	0.807
100	135	100_L	135_S	0.3198	0.843	0.804
625	629	625_A	629_E	0.3198	0.843	0.804
204	208	204_M	208_L	0.3194	0.842	0.803
194	215	194_Y	215_I	0.3194	0.842	0.803
585	608	585_I	608_L	0.3192	0.841	0.802
101	104	101_N	104_I	0.3185	0.840	0.801
402	406	402_N	406_Y	0.3184	0.839	0.800
587	590	587_S	590_L	0.3179	0.838	0.799
485	504	485_Y	504_K	0.3176	0.837	0.798
200	203	200_A	203_A	0.3176	0.837	0.798
118	122	118_Y	122_I	0.3176	0.837	0.798
72	76	72_V	76_K	0.3172	0.836	0.797
338	353	338_Y	353_Y	0.3164	0.834	0.795
422	446	422_V	446_N	0.3162	0.833	0.793
85	88	85_K	88_E	0.3162	0.833	0.793
590	593	590_L	593_L	0.3157	0.832	0.792
251	266	251_F	266_L	0.3153	0.831	0.791
604	607	604_N	607_Y	0.3153	0.831	0.791
624	639	624_V	639_Q	0.3152	0.831	0.791
534	537	534_S	537_Q	0.3150	0.830	0.790
86	89	86_I	89_K	0.3150	0.830	0.790
264	405	264_L	405_K	0.3145	0.829	0.789
428	432	428_A	432_S	0.3138	0.827	0.787
356	360	356_K	360_I	0.3136	0.827	0.787
400	431	400_I	431_T	0.3130	0.825	0.784
225	229	225_A	229_I	0.3128	0.824	0.783
400	428	400_I	428_A	0.3126	0.824	0.783
182	186	182_K	186_N	0.3125	0.824	0.783
619	622	619_T	622_L	0.3116	0.821	0.780
633	659	633_Y	659_Q	0.3114	0.821	0.780
141	146	141_Y	146_I	0.3111	0.820	0.778
75	80	75_L	80_Y	0.3108	0.819	0.777
481	484	481_N	484_F	0.3108	0.819	0.777
643	646	643_I	646_F	0.3106	0.819	0.777
230	261	230_K	261_D	0.3104	0.818	0.776
234	271	234_E	271_S	0.3099	0.817	0.775
441	444	441_E	444_D	0.3096	0.816	0.774
486	518	486_K	518_I	0.3096	0.816	0.774
389	392	389_N	392_L	0.3095	0.816	0.774
593	622	593_L	622_L	0.3077	0.811	0.768
605	626	605_L	626_S	0.3070	0.809	0.765
107	135	107_Y	135_S	0.3069	0.809	0.765
211	214	211_K	214_M	0.3064	0.808	0.764
80	109	80_Y	109_L	0.3061	0.807	0.763
589	601	589_I	601_A	0.3060	0.807	0.763
486	515	486_K	515_I	0.3059	0.806	0.761
368	372	368_R	372_L	0.3055	0.805	0.760
209	235	209_D	235_I	0.3052	0.804	0.759
213	228	213_A	228_I	0.3048	0.803	0.758
516	520	516_Y	520_L	0.3047	0.803	0.758
490	494	490_F	494_M	0.3045	0.803	0.758
197	201	197_A	201_L	0.3037	0.800	0.754
659	663	659_Q	663_E	0.3025	0.797	0.750
636	640	636_A	640_I	0.3025	0.797	0.750
264	352	264_L	352_E	0.3024	0.797	0.750
666	670	666_I	670_K	0.3022	0.797	0.750
75	101	75_L	101_N	0.3022	0.796	0.749
658	673	658_I	673_L	0.3019	0.796	0.749
138	142	138_S	142_Y	0.3015	0.795	0.747
133	181	133_T	181_L	0.3008	0.793	0.745
354	407	354_N	407_F	0.3004	0.792	0.743
262	266	262_V	266_L	0.2999	0.790	0.741
410	420	410_A	420_Y	0.2998	0.790	0.741
620	643	620_M	643_I	0.2997	0.790	0.741
68	101	68_F	101_N	0.2997	0.790	0.741
506	516	506_L	516_Y	0.2997	0.790	0.741
99	125	99_L	125_K	0.2992	0.789	0.739
599	603	599_E	603_N	0.2990	0.788	0.738
406	410	406_Y	410_A	0.2989	0.788	0.738
672	675	672_F	675_V	0.2988	0.788	0.738
635	639	635_D	639_Q	0.2980	0.786	0.735
490	518	490_F	518_I	0.2979	0.785	0.734
671	675	671_Q	675_V	0.2978	0.785	0.734
600	604	600_N	604_N	0.2972	0.783	0.731
222	256	222_F	256_L	0.2971	0.783	0.731
598	602	598_V	602_I	0.2971	0.783	0.731
223	348	223_T	348_E	0.2971	0.783	0.731
366	370	366_I	370_N	0.2966	0.782	0.730
134	183	134_F	183_E	0.2965	0.781	0.729
254	259	254_L	259_F	0.2960	0.780	0.727
254	339	254_L	339_S	0.2959	0.780	0.727
303	307	303_L	307_E	0.2959	0.780	0.727
371	374	371_E	374_E	0.2958	0.780	0.727
117	120	117_S	120_N	0.2955	0.779	0.726
129	132	129_L	132_Q	0.2955	0.779	0.726
229	249	229_I	249_S	0.2955	0.779	0.726
628	662	628_L	662_Q	0.2950	0.778	0.725
233	249	233_K	249_S	0.2949	0.777	0.723
205	208	205_S	208_L	0.2949	0.777	0.723
264	267	264_L	267_D	0.2947	0.777	0.723
405	409	405_K	409_R	0.2942	0.775	0.721
520	539	520_L	539_N	0.2941	0.775	0.721
236	245	236_E	245_I	0.2933	0.773	0.718
589	626	589_I	626_S	0.2930	0.772	0.716
130	156	130_V	156_L	0.2921	0.770	0.714
68	72	68_F	72_V	0.2918	0.769	0.712
147	191	147_T	191_I	0.2917	0.769	0.712
232	235	232_L	235_I	0.2914	0.768	0.711
96	99	96_V	99_L	0.2913	0.768	0.711
254	395	254_L	395_A	0.2913	0.768	0.711
333	336	333_V	336_F	0.2912	0.768	0.711
210	242	210_L	242_L	0.2909	0.767	0.709
206	232	206_Y	232_L	0.2903	0.765	0.706
83	87	83_A	87_F	0.2890	0.762	0.702
574	577	574_F	577_E	0.2888	0.761	0.701
189	211	189_L	211_K	0.2888	0.761	0.701
601	605	601_A	605_L	0.2887	0.761	0.701
335	357	335_G	357_F	0.2885	0.761	0.701
388	417	388_Y	417_N	0.2881	0.759	0.698
518	521	518_I	521_V	0.2880	0.759	0.698
590	594	590_L	594_Y	0.2880	0.759	0.698
661	666	661_I	666_I	0.2873	0.757	0.695
133	155	133_T	155_D	0.2873	0.757	0.695
411	425	411_Y	425_L	0.2872	0.757	0.695
123	132	123_Y	132_Q	0.2870	0.756	0.694
407	411	407_F	411_Y	0.2870	0.756	0.694
202	224	202_N	224_K	0.2865	0.755	0.692
104	135	104_I	135_S	0.2864	0.755	0.692
401	405	401_Y	405_K	0.2864	0.755	0.692
246	272	246_L	272_R	0.2860	0.754	0.691
403	407	403_A	407_F	0.2850	0.751	0.686
491	495	491_L	495_N	0.2849	0.751	0.686
384	414	384_A	414_N	0.2848	0.751	0.686
267	408	267_D	408_E	0.2847	0.750	0.685
482	505	482_T	505_L	0.2845	0.750	0.685
374	378	374_E	378_K	0.2845	0.750	0.685
332	386	332_S	386_M	0.2843	0.749	0.683
448	452	448_R	452_G	0.2842	0.749	0.683
195	223	195_K	223_T	0.2822	0.744	0.676
425	446	425_L	446_N	0.2822	0.744	0.676
104	108	104_I	108_K	0.2819	0.743	0.674
214	229	214_M	229_I	0.2817	0.742	0.673
404	434	404_S	434_G	0.2816	0.742	0.673
230	355	230_K	355_S	0.2814	0.742	0.673
242	327	242_L	327_E	0.2812	0.741	0.671
339	395	339_S	395_A	0.2810	0.741	0.671
189	215	189_L	215_I	0.2810	0.741	0.671
150	184	150_D	184_L	0.2808	0.740	0.670
141	153	141_Y	153_I	0.2804	0.739	0.668
581	616	581_N	616_N	0.2798	0.738	0.667
419	424	419_L	424_Y	0.2798	0.738	0.667
120	202	120_N	202_N	0.2796	0.737	0.665
371	375	371_E	375_L	0.2794	0.736	0.664
227	264	227_S	264_L	0.2787	0.734	0.660
247	388	247_W	388_Y	0.2787	0.734	0.660
197	215	197_A	215_I	0.2781	0.733	0.659
524	540	524_K	540_I	0.2773	0.731	0.656
266	407	266_L	407_F	0.2772	0.731	0.656
195	199	195_K	199_G	0.2763	0.728	0.651
298	303	298_Y	303_L	0.2763	0.728	0.651
117	121	117_S	121_K	0.2760	0.727	0.650
269	272	269_I	272_R	0.2760	0.727	0.650
373	390	373_N	390_L	0.2759	0.727	0.650
423	487	423_M	487_A	0.2756	0.726	0.648
261	265	261_D	265_T	0.2755	0.726	0.648
335	350	335_G	350_M	0.2749	0.725	0.647
392	407	392_L	407_F	0.2743	0.723	0.643
429	446	429_S	446_N	0.2738	0.722	0.642
668	672	668_S	672_F	0.2732	0.720	0.639
599	634	599_E	634_G	0.2731	0.720	0.639
135	138	135_S	138_S	0.2729	0.719	0.637
355	408	355_S	408_E	0.2726	0.718	0.635
486	490	486_K	490_F	0.2724	0.718	0.635
653	657	653_D	657_A	0.2722	0.717	0.634
538	541	538_D	541_P	0.2720	0.717	0.634
189	254	189_L	254_L	0.2718	0.716	0.632
669	673	669_A	673_L	0.2717	0.716	0.632
332	336	332_S	336_F	0.2714	0.715	0.631
69	72	69_N	72_V	0.2710	0.714	0.629
97	101	97_P	101_N	0.2706	0.713	0.627
88	114	88_E	114_T	0.2705	0.713	0.627
242	383	242_L	383_R	0.2702	0.712	0.626
584	587	584_Y	587_S	0.2700	0.712	0.626
388	410	388_Y	410_A	0.2695	0.710	0.623
217	339	217_I	339_S	0.2694	0.710	0.623
593	629	593_L	629_E	0.2692	0.709	0.621
574	584	574_F	584_Y	0.2689	0.709	0.621
95	98	95_E	98_S	0.2685	0.708	0.619
209	387	209_D	387_F	0.2683	0.707	0.618
260	263	260_E	263_K	0.2677	0.706	0.616
222	226	222_F	226_A	0.2675	0.705	0.615
353	356	353_Y	356_K	0.2673	0.705	0.615
441	445	441_E	445_T	0.2673	0.705	0.615
637	665	637_S	665_N	0.2671	0.704	0.613
517	587	517_L	587_S	0.2659	0.701	0.608
448	488	448_R	488_I	0.2657	0.700	0.606
523	526	523_R	526_K	0.2655	0.700	0.606
517	520	517_L	520_L	0.2653	0.699	0.605
400	432	400_I	432_S	0.2652	0.699	0.605
374	394	374_E	394_Y	0.2651	0.699	0.605
503	535	503_H	535_R	0.2650	0.699	0.605
238	291	238_D	291_D	0.2649	0.698	0.603
520	536	520_L	536_M	0.2648	0.698	0.603
560	563	560_I	563_L	0.2647	0.698	0.603
621	624	621_Y	624_V	0.2643	0.697	0.601
640	644	640_I	644_K	0.2643	0.697	0.601
273	276	273_K	276_F	0.2643	0.697	0.601
590	625	590_L	625_A	0.2641	0.696	0.600
183	186	183_E	186_N	0.2640	0.696	0.600
234	610	234_E	610_D	0.2636	0.695	0.598
210	332	210_L	332_S	0.2636	0.695	0.598
539	542	539_N	542_L	0.2635	0.694	0.596
334	353	334_K	353_Y	0.2633	0.694	0.596
113	143	113_E	143_L	0.2631	0.693	0.595
217	254	217_I	254_L	0.2630	0.693	0.595
337	344	337_I	344_V	0.2622	0.691	0.592
407	540	407_F	540_I	0.2620	0.691	0.592
628	655	628_L	655_L	0.2619	0.690	0.590
445	449	445_T	449_N	0.2618	0.690	0.590
651	655	651_D	655_L	0.2616	0.689	0.588
230	408	230_K	408_E	0.2616	0.689	0.588
348	401	348_E	401_Y	0.2611	0.688	0.587
100	103	100_L	103_G	0.2609	0.688	0.587
115	139	115_A	139_A	0.2609	0.688	0.587
274	547	274_S	547_N	0.2607	0.687	0.585
423	427	423_M	427_T	0.2604	0.686	0.583
83	90	83_A	90_T	0.2604	0.686	0.583
501	504	501_I	504_K	0.2603	0.686	0.583
352	356	352_E	356_K	0.2601	0.686	0.583
628	659	628_L	659_Q	0.2595	0.684	0.580
522	526	522_Q	526_K	0.2592	0.683	0.578
98	101	98_S	101_N	0.2591	0.683	0.578
339	354	339_S	354_N	0.2590	0.683	0.578
133	156	133_T	156_L	0.2589	0.682	0.576
618	622	618_F	622_L	0.2585	0.681	0.575
671	674	671_Q	674_N	0.2585	0.681	0.575
230	267	230_K	267_D	0.2581	0.680	0.573
195	260	195_K	260_E	0.2580	0.680	0.573
188	191	188_Y	191_I	0.2579	0.680	0.573
153	183	153_I	183_E	0.2579	0.680	0.573
641	660	641_S	660_L	0.2577	0.679	0.571
186	211	186_N	211_K	0.2576	0.679	0.571
243	246	243_D	246_L	0.2576	0.679	0.571
114	118	114_T	118_Y	0.2574	0.678	0.570
110	115	110_G	115_A	0.2572	0.678	0.570
369	393	369_V	393_S	0.2572	0.678	0.570
367	370	367_L	370_N	0.2571	0.678	0.570
392	590	392_L	590_L	0.2569	0.677	0.568
245	249	245_I	249_S	0.2567	0.677	0.568
664	669	664_L	669_A	0.2566	0.676	0.566
230	233	230_K	233_K	0.2564	0.676	0.566
214	251	214_M	251_F	0.2560	0.675	0.565
367	371	367_L	371_E	0.2560	0.675	0.565
377	390	377_K	390_L	0.2559	0.675	0.565
229	252	229_I	252_V	0.2559	0.675	0.565
189	395	189_L	395_A	0.2557	0.674	0.563
96	126	96_V	126_K	0.2555	0.674	0.563
489	501	489_D	501_I	0.2554	0.673	0.561
222	255	222_F	255_K	0.2553	0.673	0.561
405	408	405_K	408_E	0.2546	0.671	0.558
435	491	435_I	491_L	0.2545	0.671	0.558
490	502	490_F	502_N	0.2545	0.671	0.558
199	203	199_G	203_A	0.2545	0.671	0.558
312	334	312_D	334_K	0.2545	0.671	0.558
392	427	392_L	427_T	0.2544	0.671	0.558
627	630	627_Y	630_A	0.2542	0.670	0.556
150	191	150_D	191_I	0.2542	0.670	0.556
412	610	412_K	610_D	0.2541	0.670	0.556
599	602	599_E	602_I	0.2538	0.669	0.555
152	155	152_Y	155_D	0.2537	0.669	0.555
228	265	228_I	265_T	0.2536	0.669	0.555
329	385	329_I	385_Y	0.2536	0.668	0.553
485	505	485_Y	505_L	0.2535	0.668	0.553
267	355	267_D	355_S	0.2534	0.668	0.553
412	544	412_K	544_Y	0.2534	0.668	0.553
86	118	86_I	118_Y	0.2533	0.668	0.553
385	389	385_Y	389_N	0.2532	0.667	0.551
621	651	621_Y	651_D	0.2531	0.667	0.551
155	158	155_D	158_K	0.2529	0.667	0.551
113	117	113_E	117_S	0.2525	0.666	0.549
227	352	227_S	352_E	0.2524	0.665	0.548
640	659	640_I	659_Q	0.2521	0.664	0.546
634	637	634_G	637_S	0.2519	0.664	0.546
405	603	405_K	603_N	0.2517	0.663	0.544
229	407	229_I	407_F	0.2515	0.663	0.544
636	659	636_A	659_Q	0.2513	0.662	0.543
366	396	366_I	396_Q	0.2512	0.662	0.543
195	401	195_K	401_Y	0.2512	0.662	0.543
538	603	538_D	603_N	0.2511	0.662	0.543
565	568	565_A	568_I	0.2511	0.662	0.543
80	84	80_Y	84_I	0.2509	0.661	0.541
620	646	620_M	646_F	0.2508	0.661	0.541
104	107	104_I	107_Y	0.2507	0.661	0.541
667	670	667_N	670_K	0.2501	0.659	0.538
585	620	585_I	620_M	0.2498	0.658	0.536
186	189	186_N	189_L	0.2495	0.658	0.536
535	539	535_R	539_N	0.2494	0.657	0.534
361	364	361_V	364_D	0.2493	0.657	0.534
260	401	260_E	401_Y	0.2492	0.657	0.534
298	306	298_Y	306_D	0.2491	0.657	0.534
524	527	524_K	527_E	0.2490	0.656	0.532
254	262	254_L	262_V	0.2484	0.655	0.531
512	581	512_D	581_N	0.2482	0.654	0.529
434	441	434_G	441_E	0.2480	0.654	0.529
151	155	151_K	155_D	0.2479	0.653	0.527
374	377	374_E	377_K	0.2478	0.653	0.527
195	198	195_K	198_L	0.2476	0.653	0.527
598	629	598_V	629_E	0.2473	0.652	0.526
265	372	265_T	372_L	0.2470	0.651	0.524
265	406	265_T	406_Y	0.2468	0.650	0.522
252	337	252_V	337_I	0.2466	0.650	0.522
63	66	63_E	66_V	0.2464	0.650	0.522
207	244	207_S	244_K	0.2464	0.649	0.520
601	626	601_A	626_S	0.2463	0.649	0.520
335	353	335_G	353_Y	0.2462	0.649	0.520
107	189	107_Y	189_L	0.2460	0.648	0.519
223	227	223_T	227_S	0.2460	0.648	0.519
80	83	80_Y	83_A	0.2460	0.648	0.519
224	402	224_K	402_N	0.2453	0.647	0.517
67	71	67_D	71_A	0.2452	0.646	0.515
85	117	85_K	117_S	0.2451	0.646	0.515
359	412	359_R	412_K	0.2450	0.646	0.515
606	639	606_N	639_Q	0.2448	0.645	0.514
427	487	427_T	487_A	0.2441	0.643	0.510
194	198	194_Y	198_L	0.2438	0.643	0.510
266	270	266_L	270_N	0.2437	0.642	0.508
308	312	308_S	312_D	0.2435	0.642	0.508
327	330	327_E	330_Y	0.2434	0.642	0.508
246	253	246_L	253_D	0.2434	0.641	0.507
186	214	186_N	214_M	0.2432	0.641	0.507
122	125	122_I	125_K	0.2430	0.641	0.507
66	70	66_V	70_K	0.2427	0.640	0.505
647	652	647_Y	652_T	0.2423	0.639	0.503
575	584	575_Y	584_Y	0.2420	0.638	0.502
237	290	237_K	290_K	0.2419	0.638	0.502
201	407	201_L	407_F	0.2417	0.637	0.500
339	430	339_S	430_K	0.2417	0.637	0.500
562	566	562_I	566_L	0.2416	0.637	0.500
387	585	387_F	585_I	0.2415	0.637	0.500
259	263	259_F	263_K	0.2410	0.635	0.496
107	139	107_Y	139_A	0.2408	0.635	0.496
493	502	493_A	502_N	0.2408	0.635	0.496
652	655	652_T	655_L	0.2407	0.634	0.495
260	348	260_E	348_E	0.2405	0.634	0.495
486	489	486_K	489_D	0.2405	0.634	0.495
450	453	450_S	453_L	0.2404	0.634	0.495
307	311	307_E	311_L	0.2402	0.633	0.493
524	536	524_K	536_M	0.2399	0.632	0.491
263	404	263_K	404_S	0.2398	0.632	0.491
246	387	246_L	387_F	0.2396	0.632	0.491
484	487	484_F	487_A	0.2395	0.631	0.490
194	219	194_Y	219_L	0.2394	0.631	0.490
189	197	189_L	197_A	0.2394	0.631	0.490
327	383	327_E	383_R	0.2389	0.630	0.488
247	333	247_W	333_V	0.2386	0.629	0.486
521	525	521_V	525_P	0.2385	0.629	0.486
70	73	70_K	73_L	0.2384	0.628	0.484
400	404	400_I	404_S	0.2377	0.626	0.481
593	601	593_L	601_A	0.2376	0.626	0.481
192	257	192_K	257_N	0.2376	0.626	0.481
357	360	357_F	360_I	0.2376	0.626	0.481
201	266	201_L	266_L	0.2376	0.626	0.481
542	545	542_L	545_N	0.2375	0.626	0.481
72	101	72_V	101_N	0.2373	0.626	0.481
216	219	216_Y	219_L	0.2371	0.625	0.479
223	226	223_T	226_A	0.2370	0.625	0.479
539	604	539_N	604_N	0.2370	0.625	0.479
650	657	650_T	657_A	0.2369	0.624	0.478
424	427	424_Y	427_T	0.2369	0.624	0.478
506	515	506_L	515_I	0.2367	0.624	0.478
521	540	521_V	540_I	0.2364	0.623	0.476
592	595	592_D	595_S	0.2364	0.623	0.476
625	628	625_A	628_L	0.2363	0.623	0.476
564	567	564_K	567_G	0.2359	0.622	0.474
667	671	667_N	671_Q	0.2359	0.622	0.474
617	647	617_R	647_Y	0.2358	0.622	0.474
214	217	214_M	217_I	0.2352	0.620	0.471
427	430	427_T	430_K	0.2352	0.620	0.471
271	412	271_S	412_K	0.2349	0.619	0.469
493	498	493_A	498_Q	0.2349	0.619	0.469
100	134	100_L	134_F	0.2349	0.619	0.469
372	501	372_L	501_I	0.2347	0.619	0.469
309	313	309_R	313_F	0.2346	0.618	0.467
124	234	124_E	234_E	0.2346	0.618	0.467
199	264	199_G	264_L	0.2344	0.618	0.467
265	604	265_T	604_N	0.2341	0.617	0.466
426	450	426_I	450_S	0.2340	0.617	0.466
598	630	598_V	630_A	0.2339	0.617	0.466
138	153	138_S	153_I	0.2339	0.617	0.466
216	394	216_Y	394_Y	0.2337	0.616	0.464
406	539	406_Y	539_N	0.2336	0.616	0.464
406	604	406_Y	604_N	0.2334	0.615	0.462
87	98	87_F	98_S	0.2331	0.615	0.462
515	518	515_I	518_I	0.2331	0.615	0.462
445	448	445_T	448_R	0.2330	0.614	0.460
621	640	621_Y	640_I	0.2330	0.614	0.460
501	505	501_I	505_L	0.2325	0.613	0.459
324	327	324_D	327_E	0.2325	0.613	0.459
422	450	422_V	450_S	0.2325	0.613	0.459
238	577	238_D	577_E	0.2322	0.612	0.457
71	101	71_A	101_N	0.2321	0.612	0.457
112	116	112_T	116_K	0.2320	0.612	0.457
206	210	206_Y	210_L	0.2320	0.611	0.455
260	599	260_E	599_E	0.2316	0.611	0.455
235	413	235_I	413_L	0.2315	0.610	0.454
209	246	209_D	246_L	0.2315	0.610	0.454
350	354	350_M	354_N	0.2315	0.610	0.454
193	221	193_D	221_E	0.2314	0.610	0.454
561	565	561_D	565_A	0.2311	0.609	0.452
586	618	586_V	618_F	0.2310	0.609	0.452
490	493	490_F	493_A	0.2309	0.609	0.452
487	490	487_A	490_F	0.2307	0.608	0.450
246	422	246_L	422_V	0.2307	0.608	0.450
116	145	116_K	145_E	0.2305	0.608	0.450
57	67	57_D	67_D	0.2303	0.607	0.449
594	629	594_Y	629_E	0.2300	0.606	0.447
563	571	563_L	571_R	0.2299	0.606	0.447
67	93	67_D	93_V	0.2298	0.606	0.447
130	134	130_V	134_F	0.2296	0.605	0.445
217	395	217_I	395_A	0.2294	0.605	0.445
194	259	194_Y	259_F	0.2293	0.604	0.443
169	173	169_H	173_I	0.2291	0.604	0.443
403	428	403_A	428_A	0.2289	0.603	0.442
347	400	347_L	400_I	0.2289	0.603	0.442
134	138	134_F	138_S	0.2286	0.602	0.440
124	158	124_E	158_K	0.2285	0.602	0.440
604	639	604_N	639_Q	0.2282	0.601	0.438
246	585	246_L	585_I	0.2281	0.601	0.438
75	83	75_L	83_A	0.2280	0.601	0.438
633	637	633_Y	637_S	0.2280	0.601	0.438
563	566	563_L	566_L	0.2273	0.599	0.435
630	633	630_A	633_Y	0.2272	0.599	0.435
271	359	271_S	359_R	0.2272	0.599	0.435
181	246	181_L	246_L	0.2271	0.599	0.435
544	610	544_Y	610_D	0.2270	0.598	0.433
659	662	659_Q	662_Q	0.2268	0.598	0.433
610	645	610_D	645_A	0.2268	0.598	0.433
661	669	661_I	669_A	0.2268	0.598	0.433
430	435	430_K	435_I	0.2265	0.597	0.432
625	658	625_A	658_I	0.2265	0.597	0.432
100	122	100_L	122_I	0.2264	0.597	0.432
593	628	593_L	628_L	0.2264	0.597	0.432
395	403	395_A	403_A	0.2262	0.596	0.430
558	563	558_Y	563_L	0.2258	0.595	0.428
461	465	461_I	465_F	0.2258	0.595	0.428
587	622	587_S	622_L	0.2258	0.595	0.428
246	250	246_L	250_T	0.2256	0.595	0.428
74	77	74_H	77_K	0.2255	0.594	0.427
387	516	387_F	516_Y	0.2255	0.594	0.427
200	228	200_A	228_I	0.2253	0.594	0.427
209	422	209_D	422_V	0.2252	0.594	0.427
199	405	199_G	405_K	0.2251	0.593	0.425
517	521	517_L	521_V	0.2250	0.593	0.425
386	389	386_M	389_N	0.2249	0.593	0.425
657	660	657_A	660_L	0.2248	0.592	0.423
408	429	408_E	429_S	0.2247	0.592	0.423
373	377	373_N	377_K	0.2246	0.592	0.423
395	398	395_A	398_N	0.2245	0.592	0.423
222	347	222_F	347_L	0.2237	0.590	0.420
400	403	400_I	403_A	0.2236	0.589	0.418
68	95	68_F	95_E	0.2236	0.589	0.418
641	644	641_S	644_K	0.2235	0.589	0.418
213	248	213_A	248_I	0.2235	0.589	0.418
518	522	518_I	522_Q	0.2234	0.589	0.418
458	462	458_A	462_Y	0.2233	0.589	0.418
626	629	626_S	629_E	0.2232	0.588	0.417
72	75	72_V	75_L	0.2231	0.588	0.417
207	211	207_S	211_K	0.2230	0.588	0.417
165	168	165_K	168_D	0.2230	0.588	0.417
137	152	137_I	152_Y	0.2229	0.588	0.417
330	386	330_Y	386_M	0.2229	0.587	0.415
482	509	482_T	509_Y	0.2228	0.587	0.415
146	150	146_I	150_D	0.2228	0.587	0.415
405	538	405_K	538_D	0.2227	0.587	0.415
146	149	146_I	149_D	0.2227	0.587	0.415
68	71	68_F	71_A	0.2227	0.587	0.415

