30	31	3.822
30	32	5.063
30	33	5.831
30	34	5.528
30	35	7.245
30	36	9.965
30	37	10.363
30	38	11.536
30	66	11.467
30	67	11.532
31	32	3.795
31	33	5.0360000000000005
31	34	7.1
31	35	8.104
31	36	9.765
31	37	11.030999999999999
31	66	11.067
32	33	3.7910000000000004
32	34	5.5360000000000005
32	35	4.8660000000000005
32	36	6.562
32	37	8.666
32	38	10.274000000000001
32	39	10.794
32	66	10.552999999999999
33	34	3.798
33	35	5.182
33	36	5.466
33	37	6.218999999999999
33	38	8.908999999999999
33	39	10.017000000000001
33	40	10.765999999999998
33	62	11.16
33	63	9.425
33	64	11.329
33	65	10.48
33	66	6.795
33	67	8.477
33	70	11.944
34	35	3.812
34	36	5.643
34	37	4.9319999999999995
34	38	6.343999999999999
34	39	8.619
34	40	9.942
34	41	10.747
34	62	11.823
34	63	9.017000000000001
34	64	10.967
34	65	11.395
34	66	7.801
34	67	7.934
34	68	11.732999999999999
34	69	11.8
34	70	9.725
34	72	11.892000000000001
34	73	11.710999999999999
35	36	3.801
35	37	5.388
35	38	5.666
35	39	6.4239999999999995
35	40	8.843
35	41	10.312999999999999
35	42	11.17
35	63	10.089
35	66	10.087
35	67	11.057
36	37	3.786
36	38	5.582999999999999
36	39	4.935
36	40	6.062
36	41	8.647
36	42	9.901
36	43	10.424000000000001
36	59	10.323
36	60	11.137
36	62	9.113999999999999
36	63	7.567
36	64	10.924000000000001
36	65	11.014000000000001
36	66	8.312000000000001
36	67	10.267000000000001
36	73	11.957
37	38	3.806
37	39	5.37
37	40	5.252000000000001
37	41	6.443
37	42	8.899
37	43	10.041
37	44	10.703
37	59	9.174
37	60	8.698
37	61	9.977
37	62	7.643
37	63	4.774
37	64	7.836
37	65	8.894
37	66	6.388999999999999
37	67	7.285
37	68	10.377
37	69	11.222000000000001
37	70	8.568999999999999
37	71	11.28
37	72	9.68
37	73	8.372
37	74	11.93
38	39	3.787
38	40	5.4510000000000005
38	41	5.065
38	42	6.3870000000000005
38	43	8.758
38	44	9.839
38	45	10.511
38	59	10.207
38	60	9.634
38	62	10.432
38	63	7.377999999999999
38	64	10.366
38	66	10.016
38	67	10.022
38	70	9.363999999999999
38	71	10.937000000000001
38	72	8.43
38	73	8.372
38	76	11.460999999999999
39	40	3.795
39	41	5.385
39	42	5.196000000000001
39	43	6.346
39	44	8.679
39	45	9.899
39	46	10.384
39	59	8.87
39	60	9.743
39	62	10.187000000000001
39	63	8.31
39	64	11.953
39	66	11.446
39	72	11.34
39	73	10.59
40	41	3.8339999999999996
40	42	5.428
40	43	5.039
40	44	6.156000000000001
40	45	8.591000000000001
40	46	9.51
40	47	10.76
40	56	9.581
40	57	10.249
40	58	8.948
40	59	5.149
40	60	6.226
40	61	8.631
40	62	6.894
40	63	5.645
40	64	9.312999999999999
40	65	10.767999999999999
40	66	9.883
40	67	11.234000000000002
40	70	11.529000000000002
40	72	10.592
40	73	8.656
40	76	10.824000000000002
40	77	11.738
41	42	3.793
41	43	5.4
41	44	5.0
41	45	6.0520000000000005
41	46	8.285
41	47	9.968
41	48	10.295
41	49	11.989
41	56	8.894
41	57	9.894
41	58	10.062999999999999
41	59	6.606
41	60	5.696000000000001
41	61	9.104
41	62	8.795
41	63	6.447
41	64	9.244
41	65	11.870999999999999
41	66	11.185
41	67	11.25
41	70	9.756
41	71	10.565
41	72	7.321000000000001
41	73	6.032
41	74	9.593
41	75	9.811
41	76	7.457999999999999
41	77	9.25
42	43	3.7769999999999997
42	44	5.332999999999999
42	45	4.989
42	46	5.832999999999999
42	47	8.675
42	48	9.538
42	49	10.132
42	50	11.867
42	56	9.715
42	57	11.894
42	59	8.511000000000001
42	60	8.776
42	62	11.795
42	63	9.937000000000001
42	72	9.842
42	73	9.47
42	76	9.418
42	77	11.770999999999999
43	44	3.7889999999999997
43	45	5.4910000000000005
43	46	4.7669999999999995
43	47	6.397
43	48	8.56
43	49	9.815
43	50	10.398
43	52	11.12
43	53	11.639000000000001
43	55	9.838
43	56	7.544
43	57	10.007
43	58	9.487
43	59	6.297999999999999
43	60	8.037
43	61	11.219000000000001
43	62	10.633
43	63	10.037
43	73	10.981
43	76	10.687999999999999
44	45	3.7939999999999996
44	46	5.144
44	47	5.271
44	48	6.148
44	49	8.611
44	50	9.771
44	51	10.824000000000002
44	52	9.255
44	53	8.703
44	54	9.716000000000001
44	55	7.636
44	56	4.395
44	57	6.843
44	58	7.561
44	59	5.117
44	60	5.544
44	61	9.036
44	62	9.746
44	63	9.179
44	64	11.544
44	72	10.749
44	73	8.806000000000001
44	74	11.262
44	75	11.175
44	76	7.611000000000001
44	77	8.435
44	78	11.664000000000001
44	79	10.612
44	80	9.3
45	46	3.795
45	47	5.531000000000001
45	48	4.816
45	49	5.959
45	50	8.35
45	51	9.833
45	52	9.682
45	53	9.075
45	54	11.344000000000001
45	55	9.992
45	56	6.781000000000001
45	57	9.639
45	58	11.165999999999999
45	59	8.849
45	60	8.401
45	63	11.728
45	72	10.132
45	73	9.476
45	74	11.638
45	75	10.290999999999999
45	76	6.771
45	77	8.979
45	78	11.264000000000001
45	79	9.296
45	80	9.109
46	47	3.787
46	48	5.33
46	49	5.261
46	50	6.0760000000000005
46	51	8.695
46	52	8.589
46	53	9.519
46	54	11.857999999999999
46	55	9.715
46	56	7.659
46	57	11.177999999999999
46	58	11.958
46	59	9.729
46	60	10.672
46	76	10.51
46	80	11.629000000000001
47	48	3.782
47	49	5.542000000000001
47	50	4.921
47	51	6.212999999999999
47	52	4.98
47	53	6.3229999999999995
47	54	8.431000000000001
47	55	6.296
47	56	5.22
47	57	9.003
47	58	10.046
47	59	9.017000000000001
47	60	10.245
47	76	10.91
47	77	11.552999999999999
47	79	11.806
47	80	9.939
48	49	3.818
48	50	5.377999999999999
48	51	5.329
48	52	5.537000000000001
48	53	4.89
48	54	8.095
48	55	7.65
48	56	5.651
48	57	9.03
48	58	11.338
48	59	10.537
48	60	10.389000000000001
48	76	8.625
48	77	9.488
48	78	11.177999999999999
48	79	8.426
48	80	7.057
48	81	10.69
48	82	11.360999999999999
48	83	9.045
48	84	10.921
49	50	3.827
49	51	5.4910000000000005
49	52	7.5760000000000005
49	53	8.055
49	54	11.569
49	55	10.934000000000001
49	56	9.26
49	76	10.809000000000001
49	79	10.503
49	80	10.149
49	83	10.905
50	51	3.801
50	52	5.73
50	53	7.954
50	54	11.083
50	55	9.946
50	56	9.601
51	52	3.812
51	53	5.486000000000001
51	54	8.783
51	55	8.874
51	56	9.131
51	80	10.193999999999999
51	83	9.763
51	84	11.009
52	53	3.75
52	54	5.796
52	55	5.249
52	56	6.553999999999999
52	57	9.55
52	58	11.213
52	59	11.84
52	80	9.58
52	83	10.53
52	84	10.748
53	54	3.799
53	55	5.292999999999999
53	56	5.313
53	57	7.516
53	58	10.285
53	59	11.209000000000001
53	60	11.142999999999999
53	76	10.687000000000001
53	77	9.71
53	78	11.22
53	79	9.106
53	80	5.992999999999999
53	81	8.536
53	82	10.066
53	83	7.372999999999999
53	84	7.513
53	85	11.16
54	55	3.79
54	56	5.367000000000001
54	57	5.782
54	58	8.222000000000001
54	59	10.373
54	60	10.583
54	61	11.520999999999999
54	77	10.031
54	78	11.999
54	79	10.999
54	80	7.278
54	81	8.753
54	82	11.404000000000002
54	83	9.459
54	84	8.103
54	85	11.79
54	86	11.934000000000001
55	56	3.795
55	57	5.388999999999999
55	58	6.2379999999999995
55	59	7.881
55	60	9.335
55	61	10.587
55	77	10.96
55	80	9.343
55	81	11.674000000000001
55	84	11.636
56	57	3.7939999999999996
56	58	5.734
56	59	5.906000000000001
56	60	6.3260000000000005
56	61	8.61
56	62	10.495999999999999
56	63	11.103
56	73	10.745
56	76	8.726
56	77	7.795
56	78	10.863
56	79	9.881
56	80	7.132999999999999
56	81	10.126
56	83	11.118
56	84	11.399000000000001
57	58	3.823
57	59	5.6770000000000005
57	60	5.13
57	61	5.8020000000000005
57	62	8.591000000000001
57	63	9.794
57	64	10.264000000000001
57	73	10.012
57	74	10.669
57	75	11.999
57	76	9.144
57	77	6.794
57	78	10.089
57	79	10.423
57	80	7.45
57	81	9.283
57	84	11.469000000000001
58	59	3.827
58	60	5.5089999999999995
58	61	5.103
58	62	6.372000000000001
58	63	8.767000000000001
58	64	9.953
58	65	10.735
58	73	11.324000000000002
58	76	11.812000000000001
58	77	9.93
58	80	11.200999999999999
59	60	3.8169999999999997
59	61	5.426
59	62	5.235
59	63	6.4110000000000005
59	64	8.856
59	65	10.112
59	66	11.077
59	73	9.299
59	74	11.775
59	76	10.370999999999999
59	77	9.693999999999999
59	80	11.698
60	61	3.8080000000000003
60	62	5.441
60	63	5.011
60	64	6.321000000000001
60	65	8.798
60	66	10.029
60	67	10.530999999999999
60	68	10.587
60	70	10.035
60	71	11.321
60	72	9.315
60	73	5.867000000000001
60	74	7.978
60	75	9.742
60	76	7.358
60	77	6.416
60	78	10.184
60	79	11.034
60	80	9.633
60	81	11.895
60	93	11.812999999999999
61	62	3.8169999999999997
61	63	5.308
61	64	5.041
61	65	6.319
61	66	8.808
61	67	9.853
61	68	9.202
61	69	11.805
61	70	10.790999999999999
61	72	11.764000000000001
61	73	7.9879999999999995
61	74	9.174
61	75	11.946
61	76	10.305
61	77	8.235
61	78	11.732000000000001
61	80	11.585999999999999
62	63	3.786
62	64	5.406000000000001
62	65	5.135
62	66	6.522
62	67	8.847000000000001
62	68	9.575
62	70	11.142999999999999
62	73	9.27
62	74	11.503
62	77	11.325
63	64	3.804
63	65	5.47
63	66	5.251
63	67	6.315
63	68	7.774
63	69	9.693
63	70	7.756
63	71	10.508
63	72	9.309
63	73	6.315
63	74	9.186
63	75	11.639000000000001
63	76	10.477
63	77	10.21
64	65	3.795
64	66	5.289
64	67	4.97
64	68	4.506
64	69	7.103
64	70	6.518
64	71	9.384
64	72	9.487
64	73	6.237
64	74	7.569
64	75	10.905999999999999
64	76	10.698
64	77	9.558
64	93	11.380999999999998
64	96	11.523
64	97	11.222999999999999
65	66	3.806
65	67	5.622000000000001
65	68	5.642
65	69	9.165
65	70	9.452
65	73	9.951
65	74	11.276
66	67	3.833
66	68	6.372999999999999
66	69	8.899
66	70	8.559
66	73	10.084
67	68	3.858
67	69	5.236000000000001
67	70	5.291
67	71	9.068
67	72	10.113999999999999
67	73	8.436
67	74	10.027000000000001
67	97	11.845
67	100	11.542
68	69	3.799
68	70	5.75
68	71	8.792
68	72	10.595999999999998
68	73	8.455
68	74	8.535
68	93	11.425
68	96	9.734
68	97	10.172
68	99	11.7
68	100	10.597999999999999
69	70	3.7969999999999997
69	71	6.081
69	72	8.901
69	73	8.135
69	74	7.785
69	75	10.634
69	93	10.713
69	95	11.467
69	96	7.806
69	97	7.609
69	98	10.017999999999999
69	99	8.494
69	100	6.861000000000001
69	101	10.366
70	71	3.7910000000000004
70	72	5.479
70	73	5.209
70	74	6.276
70	75	8.427999999999999
70	76	10.011000000000001
70	77	10.698
70	93	10.718
70	94	11.568
70	96	8.941
70	97	7.14
70	98	10.022
70	99	9.881
70	100	7.619
70	101	10.13
71	72	3.819
71	73	5.519
71	74	5.263
71	75	5.892
71	76	8.556000000000001
71	77	9.92
71	78	10.386
71	93	9.123
71	94	8.811
71	95	9.625
71	96	7.356
71	97	4.275
71	98	6.886
71	99	7.936
71	100	6.019
71	101	7.522
71	102	9.839
71	103	11.270999999999999
71	104	8.852
71	105	11.857999999999999
71	106	10.671
71	107	8.482000000000001
71	108	11.274000000000001
72	73	3.798
72	74	5.48
72	75	4.85
72	76	6.013999999999999
72	77	8.467
72	78	9.625
72	79	10.629000000000001
72	93	10.242
72	94	9.932
72	95	11.940999999999999
72	96	10.177999999999999
72	97	6.919
72	98	9.693999999999999
72	99	11.524000000000001
72	100	9.707
72	101	10.444
72	104	9.853
72	105	11.956
72	106	9.689
72	107	8.249
72	108	11.802999999999999
72	110	11.799000000000001
73	74	3.82
73	75	5.403
73	76	5.25
73	77	6.1579999999999995
73	78	8.52
73	79	10.05
73	80	10.728
73	93	9.072000000000001
73	94	10.173
73	96	9.897
73	97	7.776
73	98	11.357000000000001
73	100	11.280999999999999
73	107	10.937000000000001
74	75	3.7889999999999997
74	76	5.47
74	77	5.067
74	78	6.007000000000001
74	79	8.701
74	80	9.789
74	81	10.603
74	89	10.968
74	90	9.235
74	91	10.368
74	92	9.031
74	93	5.305
74	94	6.693
74	95	8.631
74	96	6.542000000000001
74	97	5.075
74	98	8.83
74	99	10.106
74	100	9.948
74	101	11.821
74	107	9.604
74	111	11.54
75	76	3.804
75	77	5.542999999999999
75	78	5.105
75	79	6.562
75	80	8.948
75	81	10.247
75	82	10.588
75	89	11.74
75	90	8.881
75	91	9.992
75	92	10.051
75	93	6.477
75	94	5.792000000000001
75	95	8.795
75	96	8.17
75	97	5.459
75	98	8.333
75	99	10.905999999999999
75	100	10.734000000000002
75	101	11.360999999999999
75	102	11.982000000000001
75	104	10.217
75	105	11.638
75	106	9.158999999999999
75	107	6.355
75	108	9.604
75	109	10.929
75	110	8.475
75	111	8.689
75	114	11.765999999999998
76	77	3.802
76	78	5.267
76	79	5.143
76	80	6.5120000000000005
76	81	9.023
76	82	9.857000000000001
76	83	10.675
76	90	9.649
76	91	11.940999999999999
76	93	8.586
76	94	8.823
76	96	11.341
76	97	9.058
76	106	11.05
76	107	9.111
76	110	9.926
76	111	10.977
77	78	3.7969999999999997
77	79	5.347
77	80	4.9510000000000005
77	81	6.5
77	82	8.619
77	83	9.818
77	84	10.772
77	86	11.198
77	87	11.875
77	89	9.317
77	90	7.542999999999999
77	91	10.372
77	92	10.033999999999999
77	93	6.752000000000001
77	94	8.484
77	95	11.509
77	96	10.497
77	97	9.499
77	107	11.546
77	110	11.962
78	79	3.767
78	80	5.292999999999999
78	81	5.294
78	82	6.086
78	83	8.517999999999999
78	84	9.901
78	85	10.402999999999999
78	86	9.222000000000001
78	87	8.857999999999999
78	88	9.817
78	89	7.314
78	90	4.3839999999999995
78	91	7.007999999999999
78	92	7.72
78	93	4.963
78	94	5.638999999999999
78	95	9.087
78	96	9.326
78	97	8.537
78	98	11.175999999999998
78	107	9.682
78	108	11.978
78	110	9.288
78	111	8.649
78	114	9.61
79	80	3.795
79	81	5.507999999999999
79	82	4.944
79	83	5.994
79	84	8.562999999999999
79	85	9.546
79	86	9.807
79	87	9.738999999999999
79	88	11.887
79	89	9.902999999999999
79	90	6.7139999999999995
79	91	9.559
79	92	11.173
79	93	8.672
79	94	8.402000000000001
79	97	11.253
79	107	9.939
79	109	11.901
79	110	8.162
79	111	8.875
79	112	11.955
79	113	10.652000000000001
79	114	8.812000000000001
80	81	3.773
80	82	5.449
80	83	5.16
80	84	6.3260000000000005
80	85	8.601
80	86	8.676
80	87	10.087
80	89	9.479
80	90	7.542999999999999
80	91	11.152999999999999
80	93	9.837
80	94	10.879000000000001
80	110	11.942
80	114	11.697000000000001
81	82	3.7939999999999996
81	83	5.321000000000001
81	84	4.954
81	85	6.04
81	86	5.047
81	87	6.726
81	88	8.514
81	89	6.169
81	90	4.973
81	91	8.736
81	92	9.873
81	93	8.687999999999999
81	94	10.084
81	114	10.692
82	83	3.815
82	84	5.422000000000001
82	85	4.848
82	86	5.621
82	87	5.57
82	88	8.648
82	89	7.785
82	90	5.244
82	91	8.235
82	92	10.708
82	93	9.834
82	94	9.798
82	110	10.202
82	111	9.722000000000001
82	113	10.35
82	114	7.319
82	115	10.334000000000001
82	117	9.636000000000001
82	118	10.014
83	84	3.813
83	85	5.257000000000001
83	86	7.56
83	87	8.759
83	88	11.98
83	89	10.862
83	90	8.804
83	114	9.843
83	117	11.177
84	85	3.802
84	86	5.593999999999999
84	87	8.32
84	88	11.048
84	89	9.841000000000001
84	90	9.185
85	86	3.8139999999999996
85	87	5.515
85	88	8.754
85	89	8.881
85	90	8.253
85	91	10.883
85	114	10.272
85	117	10.379000000000001
85	118	10.047
86	87	3.8310000000000004
86	88	5.683
86	89	5.431
86	90	6.16
86	91	8.708
86	92	10.314
86	93	10.978
86	114	11.122
86	118	10.960999999999999
87	88	3.801
87	89	5.404
87	90	4.9239999999999995
87	91	6.015
87	92	8.677
87	93	9.93
87	94	10.187000000000001
87	111	10.905999999999999
87	114	8.273
87	115	9.254
87	116	11.729000000000001
87	117	9.63
87	118	7.8020000000000005
87	119	11.458
87	120	11.51
88	89	3.799
88	90	5.472
88	91	5.194
88	92	6.506
88	93	8.975
88	94	9.979
88	95	10.770999999999999
88	114	10.880999999999998
88	115	11.050999999999998
88	118	10.212
89	90	3.82
89	91	5.435
89	92	5.297000000000001
89	93	6.572
89	94	8.757
89	95	10.077
89	96	10.853
89	114	11.8
90	91	3.785
90	92	5.476
90	93	5.261
90	94	6.087000000000001
90	95	8.568
90	96	9.887
90	97	10.493
90	110	10.835999999999999
90	111	8.881
90	112	11.956
90	113	11.876
90	114	8.521
90	115	10.267999999999999
90	118	11.06
91	92	3.8160000000000003
91	93	5.449
91	94	5.0169999999999995
91	95	6.087999999999999
91	96	8.552
91	97	9.772
91	98	10.52
91	107	11.681
91	108	11.867
91	110	10.914000000000001
91	111	7.867999999999999
91	112	10.550999999999998
91	113	11.539000000000001
91	114	8.335
91	115	8.685
91	117	11.952
91	118	10.307
91	120	11.602
91	123	11.749
91	124	11.966
92	93	3.8
92	94	5.524
92	95	5.169
92	96	6.175
92	97	8.61
92	98	9.922
92	99	10.556
92	111	10.614
92	114	11.978
93	94	3.798
93	95	5.297000000000001
93	96	4.933
93	97	6.007000000000001
93	98	8.503
93	99	9.707
93	100	11.453
93	107	10.534
93	110	11.657
93	111	9.661
93	114	11.752
94	95	3.804
94	96	5.524
94	97	5.103
94	98	6.271
94	99	8.743
94	100	10.607999999999999
94	101	11.235999999999999
94	102	10.290999999999999
94	104	11.015
94	106	11.208
94	107	7.417999999999999
94	108	8.458
94	109	10.55
94	110	8.535
94	111	6.178
94	112	9.722999999999999
94	113	11.272
94	114	9.28
94	115	10.405999999999999
94	127	11.242
95	96	3.81
95	97	5.355
95	98	5.045
95	99	6.21
95	100	9.17
95	101	10.169
95	102	8.882
95	104	11.54
95	107	9.585
95	108	9.677999999999999
95	110	11.474
95	111	8.541
95	112	11.384
95	114	11.850999999999999
95	115	11.853
95	127	11.21
96	97	3.803
96	98	5.391
96	99	5.041
96	100	7.1979999999999995
96	101	9.502
96	102	9.679
96	107	10.671
96	108	11.793
96	111	11.282
97	98	3.8
97	99	5.477
97	100	5.938
97	101	7.36
97	102	8.071
97	103	10.53
97	104	8.824
97	105	11.55
97	106	10.774000000000001
97	107	7.461
97	108	9.316
97	110	11.074000000000002
97	111	9.751
98	99	3.822
98	100	5.312
98	101	5.226
98	102	4.534
98	103	7.5760000000000005
98	104	7.077999999999999
98	105	9.881
98	106	10.354000000000001
98	107	7.245
98	108	7.542999999999999
98	109	11.139000000000001
98	110	11.083
98	111	9.254
98	112	11.794
98	127	10.456
98	130	11.774000000000001
98	131	11.484000000000002
99	100	3.806
99	101	5.685
99	102	6.0120000000000005
99	103	9.568
99	104	9.914
99	107	10.97
99	108	11.245999999999999
100	101	3.824
100	102	6.52
100	103	8.98
100	104	8.777000000000001
100	107	10.878
100	108	11.92
101	102	3.807
101	103	5.263999999999999
101	104	5.671
101	105	9.367
101	106	10.822000000000001
101	107	9.294
101	108	9.658
101	130	11.865
101	131	11.565999999999999
102	103	3.822
102	104	5.63
102	105	8.381
102	106	10.469000000000001
102	107	8.63
102	108	7.537000000000001
102	109	11.283
102	111	11.199000000000002
102	126	11.989
102	127	9.408
102	128	11.671
102	130	8.745
102	131	9.218
102	133	11.822000000000001
102	134	11.765
103	104	3.818
103	105	5.849
103	106	8.862
103	107	8.505
103	108	7.2139999999999995
103	109	10.323
103	127	9.547
103	128	10.607999999999999
103	129	10.720999999999998
103	130	7.047000000000001
103	131	6.859
103	132	9.816
103	133	8.522
103	134	8.051
103	135	11.844000000000001
103	137	11.182
104	105	3.798
104	106	5.5520000000000005
104	107	5.477
104	108	5.771
104	109	8.457
104	110	10.06
104	111	10.405
104	112	11.764000000000001
104	127	10.258
104	128	10.765999999999998
104	130	8.926
104	131	7.044
104	132	10.261
104	133	9.958
104	134	8.304
104	135	11.822000000000001
104	136	11.436
104	137	9.361
104	140	11.859000000000002
105	106	3.7960000000000003
105	107	5.585
105	108	4.881
105	109	5.961
105	110	8.567
105	111	9.742
105	112	10.097000000000001
105	127	9.115
105	128	8.304
105	129	9.781
105	130	7.511
105	131	4.336
105	132	7.125
105	133	7.809
105	134	6.1129999999999995
105	135	9.219
105	136	9.276
105	137	6.649
105	138	9.648
105	139	9.014
105	140	8.163
105	141	11.571
105	142	10.847000000000001
105	143	8.637
105	144	11.8
106	107	3.812
106	108	5.4510000000000005
106	109	5.291
106	110	6.354
106	111	8.637
106	112	9.804
106	113	10.827
106	127	10.815
106	128	9.917
106	130	10.728
106	131	7.329
106	132	9.872
106	133	11.3
106	134	9.23
106	135	11.617
106	136	10.819
106	137	7.361000000000001
106	138	8.982000000000001
106	139	7.837999999999999
106	140	8.589
106	141	11.503
106	142	9.935
106	143	8.87
107	108	3.786
107	109	5.349
107	110	5.056
107	111	5.928999999999999
107	112	8.257
107	113	9.78
107	114	10.418
107	127	9.439
107	128	9.836
107	130	10.77
107	131	8.276
107	132	11.649000000000001
107	134	11.698
107	137	10.995
107	139	11.345
107	140	11.825999999999999
107	143	10.747
108	109	3.8169999999999997
108	110	5.617000000000001
108	111	5.211
108	112	5.999
108	113	8.704
108	114	9.88
108	115	10.427999999999999
108	123	11.017000000000001
108	124	9.181000000000001
108	125	10.477
108	126	9.543
108	127	5.752000000000001
108	128	6.355
108	129	8.988
108	130	7.327000000000001
108	131	5.4
108	132	8.993
108	133	10.574000000000002
108	134	10.321
108	137	11.103
108	139	11.698
108	140	10.982000000000001
108	142	11.545
108	143	8.978
108	146	11.321
109	110	3.803
109	111	5.409
109	112	4.865
109	113	6.216
109	114	8.607000000000001
109	115	9.748
109	116	10.404000000000002
109	123	11.692
109	124	8.744
109	125	9.937000000000001
109	126	10.404000000000002
109	127	7.02
109	128	5.648
109	129	9.052999999999999
109	130	8.787
109	131	5.961
109	132	8.39
109	133	11.1
109	134	10.728
109	137	10.254000000000001
109	138	11.78
109	139	9.147
109	140	8.683
109	141	10.436
109	142	7.978
109	143	5.856
109	144	9.411
109	145	10.187999999999999
109	146	8.045
109	147	9.652999999999999
110	111	3.783
110	112	5.292999999999999
110	113	5.099
110	114	6.276
110	115	8.714
110	116	9.815
110	117	10.627
110	124	9.742
110	127	9.297
110	128	8.843
110	131	9.577
110	139	10.86
110	140	11.519
110	142	9.72
110	143	8.789
110	146	9.657
111	112	3.785
111	113	5.415
111	114	4.967
111	115	6.231
111	116	8.616
111	117	9.792
111	118	10.484000000000002
111	120	10.880999999999998
111	121	11.638
111	123	9.554
111	124	7.526
111	125	10.475999999999999
111	126	10.637
111	127	7.33
111	128	8.375
111	129	11.823
111	130	11.372
111	131	9.926
111	143	10.765
111	146	10.854000000000001
112	113	3.8080000000000003
112	114	5.327000000000001
112	115	5.063
112	116	6.2139999999999995
112	117	8.668
112	118	9.777000000000001
112	119	10.622
112	120	9.058
112	121	8.718
112	122	9.834
112	123	7.545
112	124	4.453
112	125	7.06
112	126	8.152000000000001
112	127	5.492999999999999
112	128	5.587999999999999
112	129	9.182
112	130	9.866
112	131	8.752
112	132	11.055
112	142	10.835999999999999
112	143	8.523
112	144	11.054
112	145	11.15
112	146	7.702000000000001
112	147	8.902999999999999
112	149	10.879000000000001
112	150	9.274
113	114	3.779
113	115	5.426
113	116	4.974
113	117	6.2170000000000005
113	118	8.635
113	119	9.852
113	120	9.717
113	121	9.558
113	122	11.877
113	123	10.315
113	124	6.912000000000001
113	125	9.488999999999999
113	126	11.523
113	127	9.215
113	128	8.363
113	131	11.389000000000001
113	142	9.756
113	143	8.755
113	144	11.159
113	145	9.992
113	146	6.693
113	147	9.283999999999999
113	148	11.443
113	149	9.46
113	150	8.966000000000001
114	115	3.822
114	116	5.348
114	117	5.039
114	118	6.249
114	119	8.725
114	120	8.552
114	121	9.888
114	123	10.12
114	124	7.756
114	125	11.234000000000002
114	127	10.434000000000001
114	128	10.865
114	146	10.335999999999999
114	150	11.25
115	116	3.803
115	117	5.399
115	118	4.956
115	119	6.276
115	120	4.954
115	121	6.497000000000001
115	122	8.52
115	123	6.678
115	124	4.948
115	125	8.667
115	126	10.183
115	127	8.845
115	128	9.902000000000001
115	146	10.450999999999999
115	147	11.613
115	149	11.606
115	150	9.46
116	117	3.822
116	118	5.356
116	119	5.104
116	120	5.617000000000001
116	121	5.473
116	122	8.737
116	123	8.402000000000001
116	124	5.664
116	125	8.363999999999999
116	126	11.130999999999998
116	127	10.345
116	128	10.092
116	143	11.929
116	145	11.758
116	146	8.117
116	147	9.5
116	148	10.972999999999999
116	149	8.156
116	150	6.474
116	151	10.189
116	152	10.922
116	153	8.957
116	154	10.729000000000001
117	118	3.82
117	119	5.419
117	120	7.455
117	121	8.63
117	123	11.46
117	124	9.158999999999999
117	146	10.582
117	149	10.370999999999999
117	150	9.645
117	153	11.005
118	119	3.784
118	120	5.305
118	121	8.02
118	122	10.89
118	123	10.208
118	124	9.201
118	150	11.265
118	153	11.917
119	120	3.807
119	121	5.497000000000001
119	122	8.762
119	123	9.427999999999999
119	124	8.613
119	125	11.1
119	149	11.216
119	150	9.04
119	151	11.956
119	152	11.907
119	153	8.609
119	154	10.174
120	121	3.798
120	122	5.781000000000001
120	123	5.855
120	124	6.149
120	125	8.796
120	126	10.527000000000001
120	127	10.960999999999999
120	150	9.203
120	151	11.933
120	153	9.975
120	154	10.276
121	122	3.823
121	123	5.622000000000001
121	124	4.933
121	125	6.077999999999999
121	126	8.759
121	127	9.934
121	128	10.383
121	146	10.511
121	147	9.776
121	148	11.344000000000001
121	149	9.469
121	150	5.966
121	151	8.26
121	152	9.802999999999999
121	153	7.2379999999999995
121	154	7.029
121	155	10.762
121	156	11.921
122	123	3.7910000000000004
122	124	5.391
122	125	5.278
122	126	6.528
122	127	8.861
122	128	10.149
122	129	10.757
122	147	10.925999999999998
122	150	8.399
122	151	9.635
122	153	9.94
122	154	8.26
123	124	3.819
123	125	5.435
123	126	5.1979999999999995
123	127	6.265
123	128	8.664
123	129	9.89
123	130	11.025
123	147	11.525
123	150	10.014
123	154	11.658
124	125	3.801
124	126	5.544
124	127	5.249
124	128	6.147
124	129	8.466000000000001
124	130	10.12
124	131	10.542
124	143	10.780999999999999
124	146	8.764
124	147	8.359
124	148	11.314
124	149	10.23
124	150	7.267
124	151	9.988
124	153	11.005
124	154	10.874
125	126	3.8360000000000003
125	127	5.5
125	128	5.231
125	129	5.955
125	130	8.685
125	131	9.814
125	132	10.455
125	143	10.203
125	144	10.519
125	145	11.600999999999999
125	146	8.547
125	147	6.519
125	148	9.615
125	149	9.738999999999999
125	150	6.5889999999999995
125	151	7.95
125	152	11.220999999999998
125	153	10.619000000000002
125	154	9.572000000000001
125	160	11.507
125	163	11.909
126	127	3.819
126	128	5.604
126	129	5.138
126	130	6.483
126	131	8.81
126	132	10.126
126	133	11.652999999999999
126	143	11.769
126	146	11.545
126	147	9.597999999999999
126	150	10.422
126	151	11.529000000000002
127	128	3.805
127	129	5.426
127	130	5.327999999999999
127	131	6.324
127	132	8.805
127	133	10.562000000000001
127	143	9.818999999999999
127	144	11.743
127	146	10.472000000000001
127	147	9.68
127	150	11.135
128	129	3.785
128	130	5.313
128	131	4.827
128	132	6.087999999999999
128	133	8.929
128	134	10.57
128	140	10.019
128	141	11.325999999999999
128	142	9.936
128	143	6.289
128	144	7.945
128	145	9.856
128	146	7.415
128	147	6.511
128	148	10.32
128	149	11.06
128	150	9.396
128	151	11.145
128	163	11.388
129	130	3.795
129	131	5.479
129	132	5.277
129	133	7.138
129	134	9.991
129	135	11.890999999999998
129	140	11.152999999999999
129	143	8.443
129	144	8.872
129	145	11.67
129	146	9.95
129	147	7.687
129	148	11.255999999999998
129	150	11.0
129	151	11.561
129	163	11.091
130	131	3.807
130	132	5.403
130	133	5.627999999999999
130	134	8.035
130	135	10.902999999999999
130	140	11.387
130	143	9.817
130	144	11.257
130	147	10.96
131	132	3.793
131	133	5.37
131	134	6.07
131	135	8.899
131	136	10.614
131	137	8.657
131	138	11.706
131	139	10.38
131	140	8.054
131	141	10.824000000000002
131	142	10.363
131	143	7.006
131	144	9.318999999999999
131	146	10.684000000000001
131	147	10.225
132	133	3.793
132	134	5.497000000000001
132	135	6.807
132	136	9.555
132	137	8.417
132	138	11.200999999999999
132	139	9.993
132	140	6.625
132	141	8.908999999999999
132	142	9.631
132	143	6.337000000000001
132	144	7.199
132	145	10.633
132	146	10.335
132	147	9.152999999999999
132	163	10.752
132	166	11.052
132	167	10.982000000000001
133	134	3.824
133	135	5.755
133	136	8.729
133	137	8.866
133	140	9.027999999999999
133	141	11.85
133	143	9.996
133	144	10.796
134	135	3.798
134	136	5.367000000000001
134	137	5.529
134	138	9.246
134	139	9.97
134	140	7.574
134	141	11.093
134	143	10.083
134	144	11.662
135	136	3.79
135	137	5.59
135	138	8.314
135	139	9.557
135	140	6.903
135	141	9.825
135	143	10.624
135	144	11.285
135	170	10.72
136	137	3.795
136	138	6.072
136	139	8.642999999999999
136	140	7.517
136	141	10.714
136	170	11.503
137	138	3.8480000000000003
137	139	5.504
137	140	5.147
137	141	8.724
137	142	9.85
137	143	9.326
137	144	11.509
137	170	11.161
138	139	3.805
138	140	5.632999999999999
138	141	7.934
138	142	9.152000000000001
138	143	10.147
138	170	9.705
138	171	10.52
139	140	3.802
139	141	5.319
139	142	5.476
139	143	7.016
139	144	9.256
139	145	10.041
139	146	11.311
139	167	9.754
139	168	11.892999999999999
139	170	8.987
139	171	9.23
140	141	3.813
140	142	5.361000000000001
140	143	5.075
140	144	6.617999999999999
140	145	8.705
140	146	10.021
140	147	10.868
140	163	11.334000000000001
140	164	11.943
140	166	9.74
140	167	7.885
140	168	10.812999999999999
140	169	10.845
140	170	7.754
140	171	9.353
141	142	3.79
141	143	5.294
141	144	5.122999999999999
141	145	6.152
141	146	8.73
141	147	9.851
141	148	10.702
141	163	9.155
141	164	8.785
141	165	9.729
141	166	7.308
141	167	4.479
141	168	7.228
141	169	8.093
141	170	5.551
141	171	6.402
141	172	9.646
141	173	10.503
141	174	9.38
141	177	10.107000000000001
142	143	3.813
142	144	5.372999999999999
142	145	4.76
142	146	6.25
142	147	8.649
142	148	9.781
142	149	10.550999999999998
142	163	10.105
142	164	9.517000000000001
142	165	11.687999999999999
142	166	10.006
142	167	6.757999999999999
142	168	9.462
142	169	11.339
142	170	9.129
142	171	8.888
142	172	11.658
142	173	11.46
142	174	9.387
142	176	10.960999999999999
142	177	9.514
143	144	3.7739999999999996
143	145	5.2989999999999995
143	146	5.172000000000001
143	147	6.332000000000001
143	148	8.787
143	149	9.982999999999999
143	150	10.62
143	163	9.02
143	164	9.888
143	166	9.91
143	167	7.81
143	168	11.365
143	170	10.614
143	171	11.549000000000001
143	177	11.765999999999998
144	145	3.779
144	146	5.345
144	147	4.949
144	148	6.325
144	149	8.775
144	150	9.876
144	151	10.419
144	159	11.190999999999999
144	160	9.248
144	161	10.302
144	162	9.065
144	163	5.313
144	164	6.4879999999999995
144	165	8.576
144	166	6.593
144	167	5.155
144	168	8.916
144	169	10.125
144	170	9.184
144	171	10.474
144	174	11.812000000000001
144	177	9.908999999999999
145	146	3.804
145	147	5.471
145	148	5.221
145	149	6.492999999999999
145	150	8.835
145	151	9.941
145	152	11.015999999999998
145	159	11.837
145	160	8.843
145	161	9.825
145	162	10.002
145	163	6.452000000000001
145	164	5.609
145	165	8.779
145	166	8.26
145	167	5.591
145	168	8.42
145	169	10.927
145	170	10.294
145	171	10.214
145	172	11.860999999999999
145	174	9.376
145	175	11.390999999999998
145	176	9.231
145	177	6.791
145	178	10.231
145	179	11.582
145	180	9.669
145	181	10.787
146	147	3.7969999999999997
146	148	5.266
146	149	4.996
146	150	6.098
146	151	8.376
146	152	9.863
146	153	10.886
146	160	9.302
146	161	11.549000000000001
146	162	11.854000000000001
146	163	8.308
146	164	8.573
146	165	11.991
146	166	11.294
146	167	9.144
146	176	11.424000000000001
146	177	9.697000000000001
146	180	11.462
147	148	3.8169999999999997
147	149	5.511
147	150	5.184
147	151	5.9879999999999995
147	152	8.662
147	153	10.094
147	154	10.453
147	156	10.735
147	157	11.185
147	158	11.992
147	159	8.975
147	160	6.954
147	161	9.715
147	162	9.397
147	163	6.167000000000001
147	164	7.982
147	165	11.019
147	166	10.184
147	167	9.353
147	177	11.331
148	149	3.8139999999999996
148	150	5.513
148	151	5.046
148	152	6.337999999999999
148	153	8.949
148	154	9.927
148	155	10.705
148	156	8.967
148	157	8.264
148	158	9.405
148	159	7.313
148	160	4.0760000000000005
148	161	6.561
148	162	7.517
148	163	4.967
148	164	5.5089999999999995
148	165	8.984
148	166	9.516
148	167	8.727
148	168	11.252
148	176	11.58
148	177	8.798
148	178	11.502
148	180	8.748
148	181	9.592
148	184	10.735
149	150	3.793
149	151	5.399
149	152	5.24
149	153	6.688
149	154	8.923
149	155	10.104
149	156	9.783
149	157	9.376
149	158	11.712
149	159	10.134
149	160	6.769
149	161	9.43
149	162	11.16
149	163	8.737
149	164	8.439
149	167	11.360999999999999
149	176	10.890999999999998
149	177	9.251
149	179	11.772
149	180	8.57
149	181	10.77
149	184	11.288
150	151	3.795
150	152	5.377000000000001
150	153	5.235
150	154	6.359
150	155	8.802
150	156	8.781
150	157	9.914
150	159	9.958
150	160	7.678999999999999
150	161	11.206
150	163	9.997
150	164	10.991
151	152	3.79
151	153	5.422999999999999
151	154	5.039
151	155	6.388999999999999
151	156	5.211
151	157	6.642
151	158	8.631
151	159	6.48
151	160	4.915
151	161	8.699
151	162	9.821
151	163	8.585
151	164	10.078
151	180	11.747
151	184	11.802
152	153	3.7910000000000004
152	154	5.407
152	155	5.082
152	156	5.407
152	157	5.432
152	158	8.744
152	159	8.187000000000001
152	160	5.805
152	161	8.794
152	162	11.210999999999999
152	163	10.42
152	164	10.648
152	180	9.664
152	181	11.151
152	183	11.450999999999999
152	184	9.324
153	154	3.7889999999999997
153	155	5.205
153	156	7.367000000000001
153	157	8.714
153	159	11.165
153	160	9.249
154	155	3.832
154	156	5.6129999999999995
154	157	8.521
154	158	11.184000000000001
154	159	9.904
154	160	9.314
155	156	3.818
155	157	6.1129999999999995
155	158	9.138
155	159	9.198
155	160	8.845
155	161	11.652999999999999
155	184	11.725
156	157	3.866
156	158	5.778
156	159	5.501
156	160	6.1160000000000005
156	161	8.777999999999999
156	162	10.32
156	163	11.001
156	184	10.722999999999999
157	158	3.8169999999999997
157	159	5.421
157	160	4.814
157	161	6.067
157	162	8.722000000000001
157	163	9.906
157	164	10.312000000000001
157	180	10.208
157	181	9.801
157	183	10.398
157	184	6.961
157	185	9.477
157	186	11.806
157	187	9.874
157	188	9.646
158	159	3.775
158	160	5.331
158	161	5.071000000000001
158	162	6.5360000000000005
158	163	9.015
158	164	10.036
158	165	10.794
158	180	11.95
158	181	10.373
158	184	8.445
158	185	9.606
158	187	11.3
158	188	9.791
159	160	3.7939999999999996
159	161	5.372000000000001
159	162	5.209
159	163	6.682
159	164	8.937000000000001
159	165	10.119
159	166	11.107000000000001
159	181	11.610999999999999
159	184	10.829
160	161	3.807
160	162	5.414
160	163	5.276
160	164	6.332999999999999
160	165	8.713
160	166	10.111
160	167	10.648
160	177	10.738
160	180	9.218
160	181	8.874
160	183	11.635
160	184	8.7
160	185	11.102
161	162	3.7969999999999997
161	163	5.431
161	164	5.147
161	165	6.182
161	166	8.729
161	167	9.787
161	168	10.636
161	177	9.809
161	178	10.296
161	179	11.329
161	180	8.324
161	181	6.47
161	182	9.857000000000001
161	183	10.164
161	184	7.171
161	185	8.443999999999999
161	186	11.905999999999999
161	187	11.883
161	188	11.193
161	194	11.786
161	197	11.975999999999999
162	163	3.81
162	164	5.587000000000001
162	165	5.231
162	166	6.419
162	167	8.719
162	168	10.16
162	169	10.652999999999999
162	177	11.599
162	180	11.499
162	181	9.522
162	184	10.914000000000001
162	185	11.655
163	164	3.787
163	165	5.3260000000000005
163	166	5.122000000000001
163	167	6.132000000000001
163	168	8.72
163	169	9.762
163	170	10.808
163	177	9.742
163	178	11.556
163	180	10.767000000000001
163	181	9.875
164	165	3.815
164	166	5.497000000000001
164	167	4.93
164	168	6.247000000000001
164	169	8.538
164	170	9.965
164	171	10.279000000000002
164	172	10.573
164	174	9.891
164	175	11.198
164	176	9.939
164	177	6.207000000000001
164	178	7.773
164	179	9.835
164	180	7.682
164	181	6.763
164	182	10.504000000000001
164	183	11.675
164	184	10.085
164	185	11.501
164	197	11.169
165	166	3.8089999999999997
165	167	5.292999999999999
165	168	5.19
165	169	6.087999999999999
165	170	8.722000000000001
165	171	9.649
165	172	9.502
165	174	10.883
165	177	8.517000000000001
165	178	8.661
165	179	11.568
165	180	10.156
165	181	7.891
165	182	11.202
165	184	11.520999999999999
165	185	11.716
165	197	10.538
166	167	3.801
166	168	5.555
166	169	4.965
166	170	6.395
166	171	8.607000000000001
166	172	9.883
166	174	11.671
166	177	10.343
166	178	11.384
166	181	11.35
167	168	3.824
167	169	5.372000000000001
167	170	5.307
167	171	6.167000000000001
167	172	7.919
167	173	9.872
167	174	8.402999999999999
167	175	11.222000000000001
167	176	10.87
167	177	7.678
167	178	9.507
167	180	11.394
167	181	10.743
168	169	3.7960000000000003
168	170	5.335
168	171	4.685
168	172	4.626
168	173	7.351
168	174	6.693
168	175	9.222000000000001
168	176	10.081
168	177	7.122999999999999
168	178	7.447
168	179	11.022
168	180	11.022
168	181	9.742
168	197	10.331
168	200	10.675
168	201	11.245
169	170	3.798
169	171	5.433
169	172	6.101
169	173	9.564
169	174	10.015
169	177	10.874
169	178	10.925
170	171	3.7889999999999997
170	172	6.697
170	173	9.129
170	174	9.765
170	177	11.614
171	172	3.803
171	173	5.3839999999999995
171	174	6.502000000000001
171	175	10.052999999999999
171	176	11.519
171	177	9.748
171	178	10.529000000000002
172	173	3.81
172	174	5.654
172	175	8.174
172	176	10.588
172	177	9.048
172	178	8.437999999999999
172	197	10.554
172	200	8.716000000000001
172	201	9.976
172	203	11.092
172	204	10.876
173	174	3.819
173	175	6.2989999999999995
173	176	9.091000000000001
173	177	8.96
173	178	8.822000000000001
173	179	11.645
173	197	11.706
173	200	8.613999999999999
173	201	8.891
173	202	11.302
173	203	9.201
173	204	8.046
173	205	11.754000000000001
174	175	3.815
174	176	5.49
174	177	5.459
174	178	6.348
174	179	8.687000000000001
174	180	10.274000000000001
174	181	10.92
174	197	10.627
174	198	11.434000000000001
174	200	8.654
174	201	7.539
174	202	10.627
174	203	9.8
174	204	7.84
174	205	11.409
174	206	11.640999999999998
175	176	3.812
175	177	5.4639999999999995
175	178	4.999
175	179	6.062
175	180	8.791
175	181	9.834
175	182	10.28
175	197	8.833
175	198	8.497
175	199	9.241
175	200	6.632000000000001
175	201	4.203
175	202	7.212000000000001
175	203	7.388999999999999
175	204	5.377999999999999
175	205	8.568
175	206	8.486
175	207	10.05
175	211	10.87
176	177	3.787
176	178	5.483
176	179	5.013
176	180	6.5360000000000005
176	181	8.872
176	182	9.906
176	183	10.862
176	197	10.344000000000001
176	198	9.836
176	199	11.738
176	200	9.748
176	201	6.742999999999999
176	202	9.711
176	203	10.83
176	204	8.424
176	205	10.835999999999999
176	206	9.374
176	207	10.012
176	208	11.203
176	210	11.62
176	211	9.85
177	178	3.813
177	179	5.188
177	180	5.113
177	181	6.372999999999999
177	182	8.666
177	183	10.015
177	184	10.578
177	197	9.062000000000001
177	198	9.894
177	200	9.798
177	201	7.9
177	202	11.559000000000001
177	204	10.828
178	179	3.8089999999999997
178	180	5.495
178	181	5.064
178	182	6.144
178	183	8.718
178	184	9.823
178	185	10.365
178	186	11.984000000000002
178	193	10.845
178	194	9.136000000000001
178	195	10.144
178	196	9.077
178	197	5.308
178	198	6.417999999999999
178	199	8.589
178	200	6.501
178	201	5.265
178	202	9.027000000000001
178	203	10.117
178	204	9.63
178	211	10.939
179	180	3.8089999999999997
179	181	5.371
179	182	5.067
179	183	6.314
179	184	8.558
179	185	9.814
179	186	10.394
179	193	11.843
179	194	9.007
179	195	9.901
179	196	10.259
179	197	6.7989999999999995
179	198	5.877999999999999
179	199	8.956
179	200	8.251
179	201	5.555
179	202	8.53
179	203	10.862
179	204	9.998
179	205	11.949000000000002
179	206	10.710999999999999
179	207	9.981
179	208	11.047
179	210	9.669
179	211	7.388999999999999
179	212	10.824000000000002
179	213	11.863
179	214	9.225
179	215	9.916
180	181	3.7960000000000003
180	182	5.478
180	183	5.245
180	184	6.025
180	185	8.443
180	186	9.749
180	187	10.773
180	194	9.691
180	195	11.805
180	197	8.752
180	198	8.844
180	200	11.399000000000001
180	201	9.193
180	210	10.644
180	211	9.577
180	214	10.642999999999999
181	182	3.8089999999999997
181	183	5.431
181	184	5.032
181	185	5.895
181	186	8.276
181	187	9.917
181	188	10.682
181	190	10.833
181	191	11.253
181	193	9.013
181	194	7.026
181	195	9.76
181	196	9.661
181	197	6.462000000000001
181	198	7.936
181	199	11.219000000000001
181	200	10.374
181	201	9.431000000000001
181	211	11.739
181	214	11.559000000000001
182	183	3.793
182	184	5.57
182	185	5.167999999999999
182	186	5.876
182	187	8.612
182	188	9.981
182	189	10.462
182	190	9.224
182	191	8.502
182	192	9.602
182	193	7.522
182	194	4.317
182	195	6.5360000000000005
182	196	7.615
182	197	5.124
182	198	5.211
182	199	8.875
182	200	9.332
182	201	8.355
182	202	10.792
182	210	11.626
182	211	9.503
182	213	11.965
182	214	8.337
182	215	9.231
182	217	11.535
182	218	9.406
183	184	3.7710000000000004
183	185	5.343999999999999
183	186	4.901
183	187	6.184
183	188	8.698
183	189	9.759
183	190	9.927
183	191	9.622
183	192	11.887
183	193	10.4
183	194	6.9670000000000005
183	195	9.29
183	196	11.177
183	197	8.896
183	198	8.179
183	199	11.981
183	201	10.927
183	210	9.631
183	211	8.73
183	212	11.452
183	213	10.367
183	214	7.108
183	215	9.504
183	216	11.95
183	217	10.543
183	218	9.645
184	185	3.8110000000000004
184	186	5.5329999999999995
184	187	5.404
184	188	6.648
184	189	9.005
184	190	9.051
184	191	10.209
184	193	10.360999999999999
184	194	7.893
184	195	11.205
184	197	10.187999999999999
184	198	10.755999999999998
184	214	10.72
185	186	3.795
185	187	5.402
185	188	5.152
185	189	6.452000000000001
185	190	5.434
185	191	6.841
185	192	8.805
185	193	6.9879999999999995
185	194	5.086
185	195	8.766
185	196	10.003
185	197	8.762
185	198	9.839
185	214	11.038
185	218	10.841
186	187	3.802
186	188	5.417999999999999
186	189	5.061
186	190	5.692
186	191	5.4879999999999995
186	192	8.655
186	193	8.359
186	194	5.443
186	195	8.055
186	196	10.616
186	197	9.934
186	198	9.629
186	211	11.957
186	213	11.762
186	214	8.266
186	215	10.132
186	216	11.632
186	217	9.109
186	218	7.744
186	219	11.45
186	221	10.216000000000001
187	188	3.802
187	189	5.251
187	190	7.51
187	191	8.57
187	192	11.948
187	193	11.54
187	194	9.025
187	195	11.855
187	214	10.146
187	217	10.895
187	218	10.658
188	189	3.783
188	190	5.5120000000000005
188	191	8.157
188	192	11.065
188	193	10.539000000000001
188	194	9.257
189	190	3.8089999999999997
189	191	5.505
189	192	8.823
189	193	9.605
189	194	8.463
189	195	10.935
189	217	11.52
189	218	10.323
189	221	10.118
190	191	3.807
190	192	5.8229999999999995
190	193	6.136
190	194	6.196000000000001
190	195	8.872
190	196	10.392999999999999
190	197	11.126
190	218	10.585999999999999
190	221	10.800999999999998
191	192	3.8080000000000003
191	193	5.727
191	194	4.845
191	195	6.013
191	196	8.48
191	197	9.866
191	198	10.06
191	214	11.004000000000001
191	215	11.109000000000002
191	217	10.054
191	218	7.228
191	219	9.767999999999999
191	220	10.597000000000001
191	221	7.611000000000001
191	222	8.793
192	193	3.8169999999999997
192	194	5.287000000000001
192	195	5.356
192	196	6.332999999999999
192	197	8.888
192	198	9.888
192	199	10.894
192	218	9.267000000000001
192	219	10.812999999999999
192	221	9.582
192	222	9.226
193	194	3.804
193	195	5.539
193	196	4.893
193	197	6.327000000000001
193	198	8.574
193	199	10.029
193	200	10.887
193	218	10.959000000000001
194	195	3.79
194	196	5.257000000000001
194	197	5.2379999999999995
194	198	6.087999999999999
194	199	8.683
194	200	10.017000000000001
194	201	10.468
194	214	9.846
194	215	9.838
194	217	11.175999999999998
194	218	8.119
194	219	10.849
194	221	11.027000000000001
194	222	11.677999999999999
195	196	3.783
195	197	5.44
195	198	4.828
195	199	6.0920000000000005
195	200	8.62
195	201	9.494
195	202	10.088
195	211	11.890999999999998
195	214	9.478
195	215	8.03
195	216	10.567
195	217	10.283
195	218	6.653
195	219	8.236
195	220	11.059000000000001
195	221	9.781
195	222	9.416
195	224	11.795
196	197	3.7969999999999997
196	198	5.442
196	199	5.432
196	200	6.61
196	201	8.806000000000001
196	202	9.988999999999999
196	203	11.130999999999998
196	215	11.061
196	218	10.415
196	219	11.602
197	198	3.786
197	199	5.499
197	200	5.138
197	201	6.257000000000001
197	202	8.699
197	203	10.042
197	204	11.427
197	211	11.925
197	214	11.544
197	215	10.709000000000001
197	218	11.179
198	199	3.8089999999999997
198	200	5.358
198	201	4.837
198	202	6.127999999999999
198	203	8.714
198	204	10.019
198	205	11.468
198	206	11.663
198	207	10.958
198	211	8.701
198	212	10.472000000000001
198	213	11.667
198	214	8.519
198	215	7.175
198	216	10.806
198	217	11.515999999999998
198	218	8.764
198	219	10.415999999999999
199	200	3.8169999999999997
199	201	5.186
199	202	4.777
199	203	6.3260000000000005
199	204	8.926
199	205	10.175
199	206	11.569
199	207	11.682
199	211	11.047
199	214	11.255999999999998
199	215	8.77
199	218	10.514000000000001
199	219	10.873
199	227	11.921
200	201	3.7769999999999997
200	202	5.397
200	203	5.1770000000000005
200	204	7.171
200	205	9.727
200	206	11.328
200	215	11.73
201	202	3.8139999999999996
201	203	5.347
201	204	5.457000000000001
201	205	7.763
201	206	8.267999999999999
201	207	9.01
201	208	11.795
201	211	9.142000000000001
201	212	11.390999999999998
201	214	11.39
201	215	10.076
202	203	3.819
202	204	5.118
202	205	5.556
202	206	6.877999999999999
202	207	7.631
202	208	11.042
202	211	9.067
202	212	10.062999999999999
202	214	11.344000000000001
202	215	8.994
203	204	3.7939999999999996
203	205	5.349
203	206	8.218
203	207	10.341
204	205	3.775
204	206	5.7589999999999995
204	207	8.67
204	211	11.8
205	206	3.7880000000000003
205	207	6.888
205	208	10.56
205	211	11.338
206	207	3.7960000000000003
206	208	7.072
206	209	10.71
206	210	11.325999999999999
206	211	8.881
206	212	9.887
206	233	11.834000000000001
207	208	3.79
207	209	7.091
207	210	7.922000000000001
207	211	5.707000000000001
207	212	6.311
207	213	9.818
207	214	10.369000000000002
207	215	9.545
207	216	11.91
207	231	9.818999999999999
207	232	11.9
207	233	9.161
207	234	9.812000000000001
207	237	10.922
207	238	10.602
207	239	11.22
208	209	3.7910000000000004
208	210	5.481
208	211	5.33
208	212	5.936
208	213	8.568999999999999
208	214	10.059
208	215	10.457
208	231	10.470999999999998
208	232	11.709000000000001
208	233	8.836
208	234	8.148
208	235	11.512
208	236	11.892999999999999
208	237	9.902000000000001
208	238	8.711
208	239	8.308
208	240	11.921
208	242	10.338
208	244	9.838
208	245	11.068
209	210	3.819
209	211	5.7
209	212	5.295
209	213	6.341
209	214	8.895
209	215	10.175
209	216	10.845999999999998
209	231	10.041
209	232	10.673
209	233	8.533999999999999
209	234	6.257000000000001
209	235	9.533
209	236	11.007
209	237	10.091000000000001
209	238	8.052999999999999
209	239	6.292000000000001
209	240	9.442
209	241	9.913
209	242	7.047000000000001
209	243	8.383
209	244	6.085
209	245	7.529
209	246	10.786
209	247	11.089
209	248	10.495
210	211	3.787
210	212	5.487
210	213	5.382999999999999
210	214	6.51
210	215	8.818999999999999
210	216	10.161
210	217	10.946
210	231	11.6
210	233	11.536
210	234	9.31
210	238	11.847999999999999
210	239	9.942
210	242	9.259
210	243	9.112
210	244	6.537999999999999
210	245	9.343
210	246	11.927
210	247	11.05
210	248	11.008
211	212	3.801
211	213	5.46
211	214	5.156000000000001
211	215	6.095
211	216	8.55
211	217	10.003
211	218	10.280999999999999
211	231	9.937000000000001
211	233	10.901
211	234	9.788
211	239	11.725999999999999
211	244	9.354
211	245	11.425999999999998
212	213	3.7939999999999996
212	214	5.4479999999999995
212	215	5.176
212	216	6.205
212	217	8.712
212	218	9.674
212	219	10.443
212	227	10.305
212	228	9.064
212	229	10.565999999999999
212	230	9.919
212	231	6.327999999999999
212	232	8.641
212	233	7.693
212	234	6.654
212	235	10.384
212	236	11.987
212	237	11.618
212	238	10.399000000000001
212	239	9.908999999999999
212	242	11.284
212	243	11.767000000000001
212	244	8.238
212	245	9.118
212	247	11.607999999999999
212	248	9.722000000000001
213	214	3.825
213	215	5.612
213	216	5.207999999999999
213	217	6.226
213	218	8.396
213	219	9.905
213	220	10.735999999999999
213	227	11.534
213	228	9.149
213	229	11.042
213	230	11.664000000000001
213	231	8.217
213	232	9.962
213	233	10.01
213	234	7.74
213	235	11.001
213	239	10.755999999999998
213	242	10.478
213	243	9.766
213	244	6.002999999999999
213	245	7.541
213	246	10.051
213	247	8.378
213	248	6.976
213	249	10.702
213	251	10.591
213	252	11.737
214	215	3.7910000000000004
214	216	5.246
214	217	5.144
214	218	5.805
214	219	8.386000000000001
214	220	9.805
214	221	10.725999999999999
214	227	11.619000000000002
214	228	9.815
214	231	10.124
214	234	11.209000000000001
214	244	9.229
214	245	11.288
214	247	11.091
214	248	10.017000000000001
215	216	3.799
215	217	5.7620000000000005
215	218	4.946000000000001
215	219	5.9879999999999995
215	220	8.601
215	221	10.059
215	222	10.787
215	224	10.540999999999999
215	225	11.200999999999999
215	226	11.514000000000001
215	227	8.218
215	228	7.31
215	229	10.409
215	230	10.214
215	231	7.897
215	232	11.242
215	233	11.561
215	234	11.052
215	244	11.607000000000001
215	248	11.315
216	217	3.7969999999999997
216	218	5.071000000000001
216	219	4.976
216	220	6.148
216	221	8.719
216	222	9.859
216	223	11.386
216	224	9.1
216	225	8.635
216	226	9.681000000000001
216	227	7.22
216	228	4.666
216	229	7.778
216	230	8.882
216	231	6.79
216	232	9.485
216	233	10.931
216	234	9.999
216	244	10.612
216	245	10.924000000000001
216	247	11.130999999999998
216	248	8.47
216	249	11.478
216	251	10.262
216	252	10.145
217	218	3.801
217	219	5.659
217	220	5.211
217	221	6.556
217	222	9.033999999999999
217	223	11.392000000000001
217	224	10.315
217	225	10.147
217	227	10.366
217	228	7.598
217	229	10.799000000000001
217	231	10.493
217	244	10.919
217	245	11.949000000000002
217	247	10.329
217	248	8.613
217	249	11.665
217	251	8.888
217	252	9.833
218	219	3.806
218	220	5.334
218	221	5.362
218	222	6.846
218	223	9.825
218	224	8.897
218	225	10.142000000000001
218	226	11.854000000000001
218	227	9.665
218	228	8.193999999999999
218	229	11.933
218	231	11.405
219	220	3.8080000000000003
219	221	5.547000000000001
219	222	5.189
219	223	6.93
219	224	5.194
219	225	6.627000000000001
219	226	8.206
219	227	6.513
219	228	5.544
219	229	9.315
219	230	10.325999999999999
219	231	9.906
220	221	3.8080000000000003
220	222	5.065
220	223	6.478
220	224	6.162000000000001
220	225	6.192
220	226	9.236
220	227	8.805
220	228	6.4910000000000005
220	229	9.745
220	230	11.970999999999998
220	231	11.57
220	248	11.505999999999998
220	251	10.26
220	252	9.617
221	222	3.784
221	223	6.877999999999999
221	224	8.091000000000001
221	225	9.359
221	227	11.722000000000001
221	228	10.011000000000001
222	223	3.821
222	224	5.541
222	225	8.073
222	226	10.52
222	227	10.328
222	228	9.793
223	224	3.799
223	225	6.167000000000001
223	226	8.56
223	227	9.699
223	228	9.641
224	225	3.8
224	226	5.144
224	227	5.933
224	228	6.522
224	229	9.016
224	230	10.092
224	231	11.514000000000001
225	226	3.806
225	227	5.83
225	228	4.928
225	229	6.305
225	230	8.543
225	231	10.125
225	232	11.845999999999998
225	252	10.562999999999999
226	227	3.792
226	228	5.26
226	229	5.417000000000001
226	230	6.06
226	231	8.77
226	232	10.587
227	228	3.81
227	229	5.367000000000001
227	230	4.595
227	231	6.22
227	232	9.127
227	233	11.105
228	229	3.81
228	230	5.527
228	231	5.575
228	232	7.914
228	233	10.49
228	234	10.739
228	248	10.267000000000001
228	251	11.567
228	252	9.811
229	230	3.792
229	231	5.11
229	232	5.672999999999999
229	233	9.045
229	234	9.851
229	235	10.64
229	248	10.629000000000001
229	249	11.488
229	252	9.845
230	231	3.807
230	232	5.34
230	233	7.5120000000000005
230	234	9.628
230	235	10.868
230	236	11.297
231	232	3.784
231	233	5.081
231	234	6.3660000000000005
231	235	8.573
231	236	9.595
231	237	10.390999999999998
231	238	10.23
231	239	11.295
231	244	11.860999999999999
231	245	10.581
231	248	10.363
232	233	3.7969999999999997
232	234	5.031000000000001
232	235	5.5329999999999995
232	236	6.5920000000000005
232	237	8.52
232	238	8.374
232	239	9.709
232	240	9.926
232	244	11.74
232	245	9.359
232	248	9.881
232	249	10.927
233	234	3.7889999999999997
233	235	5.343
233	236	5.02
233	237	5.332000000000001
233	238	5.39
233	239	7.433
233	240	8.838
233	242	11.628
233	244	11.35
233	245	9.526
233	248	11.53
234	235	3.7910000000000004
234	236	5.854
234	237	6.845
234	238	5.176
234	239	5.087
234	240	6.341
234	241	9.049
234	242	8.199
234	243	10.127
234	244	7.716
234	245	5.789
234	246	9.485
234	247	10.722999999999999
234	248	8.46
234	249	10.315999999999999
235	236	3.786
235	237	6.641
235	238	5.246
235	239	5.629
235	240	4.531000000000001
235	241	8.147
235	242	8.902000000000001
235	243	11.173
235	244	9.71
235	245	6.542000000000001
235	246	9.411
235	247	11.645999999999999
235	248	9.392000000000001
235	249	9.812000000000001
236	237	3.7489999999999997
236	238	3.975
236	239	6.558
236	240	6.292999999999999
236	241	9.948
236	242	11.167
236	245	10.031
237	238	2.773
237	239	6.404
237	240	7.938
237	241	10.880999999999998
237	242	11.574000000000002
237	245	11.655999999999999
238	239	3.635
238	240	5.607
238	241	8.314
238	242	8.802
238	244	10.994000000000002
238	245	9.225
239	240	3.799
239	241	5.2829999999999995
239	242	5.172999999999999
239	243	8.591000000000001
239	244	8.042
239	245	6.6770000000000005
239	246	9.708
239	248	11.213
240	241	3.8
240	242	5.8229999999999995
240	243	8.817
240	244	8.941
240	245	6.22
240	246	8.266
240	247	11.405
240	248	10.600999999999999
240	249	10.927
241	242	3.787
241	243	6.78
241	244	8.463
241	245	6.879
241	246	7.756
241	247	11.068
241	248	11.548
242	243	3.801
242	244	5.275
242	245	5.343
242	246	6.742000000000001
242	247	9.04
242	248	9.933
242	249	11.507
243	244	3.7960000000000003
243	245	5.434
243	246	5.171
243	247	6.395
243	248	8.562999999999999
243	249	10.369000000000002
243	250	10.927
244	245	3.7939999999999996
244	246	5.422999999999999
244	247	5.252999999999999
244	248	6.117999999999999
244	249	9.016
244	250	10.094
244	251	10.618
245	246	3.7939999999999996
245	247	5.525
245	248	4.865
245	249	6.622000000000001
245	250	8.889
245	251	9.914
245	252	10.894
246	247	3.8080000000000003
246	248	5.197
246	249	5.494
246	250	6.486000000000001
246	251	8.76
246	252	10.46
247	248	3.795
247	249	5.5920000000000005
247	250	5.111000000000001
247	251	6.216
247	252	8.934
248	249	3.804
248	250	5.518
248	251	5.227
248	252	6.445
249	250	3.807
249	251	5.202000000000001
249	252	5.3660000000000005
250	251	3.795
250	252	6.018
251	252	3.8110000000000004
